0,4.248354255291589e-18
0.01,4.334176704156863e-18
0.02,4.421732881493562e-18
0.03,4.511057810940114e-18
0.04,4.60218722365925e-18
0.05,4.695157572631196e-18
0.06,4.790006047235098e-18
0.07000000000000001,4.886770588125525e-18
0.08,4.985489902408979e-18
0.09,5.086203479127516e-18
0.1,5.188951605054656e-18
0.11,5.293775380810724e-18
0.12,5.400716737303768e-18
0.13,5.50981845250221e-18
0.14,5.621124168546919e-18
0.15,5.734678409208326e-18
0.16,5.850526597696858e-18
0.17,5.968715074832529e-18
0.18,6.08929111758202e-18
0.19,6.212302957970217e-18
0.2,6.337799802373371e-18
0.21,6.46583185120264e-18
0.22,6.596450318984586e-18
0.23,6.729707454848018e-18
0.24,6.865656563423968e-18
0.25,7.004352026168644e-18
0.26,7.145849323116395e-18
0.27,7.290205055072604e-18
0.28,7.437476966254923e-18
0.29,7.587723967391372e-18
0.3,7.741006159285833e-18
0.31,7.897384856858747e-18
0.32,8.056922613674329e-18
0.33,8.219683246962388e-18
0.34,8.38573186314653e-18
0.35,8.55513488388718e-18
0.36,8.727960072651311e-18
0.37,8.904276561818915e-18
0.38,9.084154880336455e-18
0.39,9.267666981929876e-18
0.4,9.45488627388654e-18
0.41,9.645887646419659e-18
0.42,9.840747502624896e-18
0.43,1.003954378904283e-17
0.44,1.024235602683882e-17
0.45,1.044926534361204e-17
0.46,1.066035450584818e-17
0.47,1.087570795202653e-17
0.48,1.109541182639715e-17
0.49,1.131955401343904e-17
0.5,1.154822417301578e-17
0.51,1.178151377624011e-17
0.52,1.20195161420638e-17
0.53,1.226232647460675e-17
0.54,1.251004190123932e-17
0.55,1.276276151143526e-17
0.5600000000000001,1.30205863964081e-17
0.5700000000000001,1.328361968954974e-17
0.58,1.355196660768438e-17
0.59,1.38257344931575e-17
0.6,1.410503285677347e-17
0.61,1.438997342160165e-17
0.62,1.468067016766745e-17
0.63,1.497723937754509e-17
0.64,1.527979968287305e-17
0.65,1.558847211180742e-17
0.66,1.590338013743569e-17
0.67,1.622464972716683e-17
0.68,1.655240939312027e-17
0.6900000000000001,1.688679024353282e-17
0.7000000000000001,1.722792603520286e-17
0.71,1.757595322699584e-17
0.72,1.793101103442867e-17
0.73,1.829324148535873e-17
0.74,1.866278947679595e-17
0.75,1.903980283286452e-17
0.76,1.942443236393367e-17
0.77,1.981683192694413e-17
0.78,2.021715848695346e-17
0.79,2.062557217992314e-17
0.8,2.104223637677623e-17
0.8100000000000001,2.146731774874677e-17
0.8200000000000001,2.190098633405168e-17
0.8300000000000001,2.234341560590711e-17
0.84,2.279478254192123e-17
0.85,2.32552676948866e-17
0.86,2.372505526500415e-17
0.87,2.420433317356614e-17
0.88,2.469329313812614e-17
0.89,2.519213074918986e-17
0.9,2.570104554845263e-17
0.91,2.622024110862014e-17
0.92,2.674992511483899e-17
0.93,2.729030944777399e-17
0.9400000000000001,2.784161026836395e-17
0.9500000000000001,2.840404810428747e-17
0.96,2.89778479381786e-17
0.97,2.956323929762125e-17
0.98,3.016045634696494e-17
0.99,3.076973798099199e-17
1,3.139132792048028e-17
1.01,3.20254748096934e-17
1.02,3.267243231584219e-17
1.03,3.333245923055579e-17
1.04,3.400581957340009e-17
1.05,3.469278269749095e-17
1.06,3.539362339723718e-17
1.07,3.610862201826382e-17
1.08,3.683806456955222e-17
1.09,3.758224283784945e-17
1.1,3.834145450438508e-17
1.11,3.91160032639484e-17
1.12,3.990619894637122e-17
1.13,4.071235764046208e-17
1.14,4.153480182044807e-17
1.15,4.237386047496669e-17
1.16,4.322986923866793e-17
1.17,4.41031705264706e-17
1.18,4.499411367053364e-17
1.19,4.590305505999474e-17
1.2,4.683035828352839e-17
1.21,4.777639427478891e-17
1.22,4.874154146078608e-17
1.23,4.972618591326379e-17
1.24,5.073072150313109e-17
1.25,5.175555005801865e-17
1.26,5.280108152301264e-17
1.27,5.386773412463926e-17
1.28,5.495593453816215e-17
1.29,5.606611805825547e-17
1.3,5.71987287731307e-17
1.31,5.835421974217466e-17
1.32,5.953305317718254e-17
1.33,6.07357006272455e-17
1.34,6.196264316737992e-17
1.35,6.32143715909609e-17
1.36,6.449138660604734e-17
1.37,6.579419903567327e-17
1.38,6.712333002218068e-17
1.39,6.847931123568711e-17
1.4,6.986268508675699e-17
1.41,7.127400494337696e-17
1.42,7.271383535230701e-17
1.43,7.418275226490821e-17
1.44,7.568134326753244e-17
1.45,7.721020781656118e-17
1.46,7.876995747820025e-17
1.47,8.036121617311016e-17
1.48,8.198462042598704e-17
1.49,8.364081962017659e-17
1.5,8.533047625744058e-17
1.51,8.705426622296242e-17
1.52,8.881287905571187e-17
1.53,9.060701822427171e-17
1.54,9.243740140823033e-17
1.55,9.430476078526799e-17
1.56,9.620984332403267e-17
1.57,9.815341108294267e-17
1.58,1.001362415150147e-16
1.59,1.021591277788612e-16
1.6,1.042228790559591e-16
1.61,1.063283208743356e-16
1.62,1.084762954387923e-16
1.63,1.106676619677938e-16
1.64,1.129032970371716e-16
1.65,1.151840949307608e-16
1.66,1.175109679981316e-16
1.67,1.198848470195355e-16
1.68,1.223066815782322e-16
1.69,1.247774404403386e-16
1.7,1.272981119423417e-16
1.71,1.298697043864533e-16
1.72,1.324932464439378e-16
1.73,1.35169787566601e-16
1.74,1.379003984065777e-16
1.75,1.406861712446145e-16
1.76,1.435282204269898e-16
1.77,1.4642768281127e-16
1.78,1.493857182210708e-16
1.79,1.524035099099952e-16
1.8,1.554822650349586e-16
1.81,1.586232151390593e-16
1.82,1.618276166442212e-16
1.83,1.650967513537699e-16
1.84,1.684319269651807e-16
1.85,1.718344775931665e-16
1.86,1.753057643033453e-16
1.87,1.788471756566881e-16
1.88,1.82460128264953e-16
1.89,1.861460673573594e-16
1.9,1.89906467358688e-16
1.91,1.937428324790815e-16
1.92,1.976566973157388e-16
1.93,2.016496274667788e-16
1.94,2.057232201575045e-16
1.95,2.098791048793045e-16
1.96,2.141189440414832e-16
1.97,2.184444336362342e-16
1.98,2.228573039170725e-16
1.99,2.273593200909465e-16
2,2.319522830243564e-16
2.01,2.366380299637144e-16
2.02,2.414184352702721e-16
2.03,2.46295411169895e-16
2.04,2.512709085179666e-16
2.05,2.563469175797707e-16
2.06,2.615254688266093e-16
2.07,2.668086337480333e-16
2.08,2.721985256804503e-16
2.09,2.776973006525036e-16
2.1,2.833071582474979e-16
2.11,2.890303424832683e-16
2.12,2.948691427098234e-16
2.13,3.008258945251013e-16
2.14,3.069029807092568e-16
2.15,3.131028321777882e-16
2.16,3.194279289539529e-16
2.17,3.258808011607951e-16
2.18,3.324640300332346e-16
2.19,3.391802489506026e-16
2.2,3.46032144490012e-16
2.21,3.530224575010432e-16
2.22,3.601539842021014e-16
2.23,3.674295772989599e-16
2.24,3.748521471258645e-16
2.25,3.824246628097121e-16
2.26,3.901501534577497e-16
2.27,3.98031709369239e-16
2.28,4.060724832716391e-16
2.29,4.142756915817169e-16
2.3,4.226446156921799e-16
2.31,4.311826032842534e-16
2.32,4.398930696668217e-16
2.33,4.487794991425727e-16
2.34,4.578454464017904e-16
2.35,4.670945379442562e-16
2.36,4.765304735299065e-16
2.37,4.861570276587967e-16
2.38,4.959780510809269e-16
2.39,5.059974723366219e-16
2.4,5.162192993279708e-16
2.41,5.266476209220704e-16
2.42,5.372866085866007e-16
2.43,5.48140518058479e-16
2.44,5.59213691046222e-16
2.45,5.705105569666616e-16
2.46,5.820356347168007e-16
2.47,5.937935344814011e-16
2.48,6.057889595771508e-16
2.49,6.180267083340253e-16
2.5,6.30511676014695e-16
2.51,6.432488567727095e-16
2.52,6.562433456501942e-16
2.53,6.695003406159717e-16
2.54,6.830251446447808e-16
2.55,6.968231678385763e-16
2.56,7.108999295906015e-16
2.57,7.252610607932602e-16
2.58,7.399123060905074e-16
2.59,7.548595261758251e-16
2.6,7.70108700136541e-16
2.61,7.856659278455589e-16
2.62,8.01537432401406e-16
2.63,8.177295626175163e-16
2.64,8.342487955618853e-16
2.65,8.51101739147939e-16
2.66,8.682951347778324e-16
2.67,8.858358600390596e-16
2.68,9.037309314555987e-16
2.69,9.219875072946328e-16
2.7,9.406128904299087e-16
2.71,9.596145312630355e-16
2.72,9.790000307036921e-16
2.73,9.987771432101448e-16
2.74,1.018953779891088e-15
2.75,1.039538011670211e-15
2.76,1.060538072514702e-15
2.77,1.081962362728887e-15
2.78,1.103819452314529e-15
2.79,1.126118084398877e-15
2.8,1.148867178732101e-15
2.81,1.172075835255243e-15
2.82,1.195753337740381e-15
2.83,1.219909157504198e-15
2.84,1.244552957196697e-15
2.85,1.269694594666335e-15
2.86,1.295344126903318e-15
2.87,1.321511814062557e-15
2.88,1.348208123567804e-15
2.89,1.375443734298836e-15
2.9,1.403229540863071e-15
2.91,1.431576657953639e-15
2.92,1.460496424795331e-15
2.93,1.490000409680476e-15
2.94,1.520100414596441e-15
2.95,1.55080847994651e-15
2.96,1.58213688936629e-15
2.97,1.614098174637245e-15
2.98,1.646705120699663e-15
2.99,1.679970770766721e-15
3,1.713908431541984e-15
3.01,1.748531678542292e-15
3.02,1.783854361528071e-15
3.03,1.819890610043516e-15
3.04,1.856654839068497e-15
3.05,1.894161754784847e-15
3.06,1.932426360458923e-15
3.07,1.971463962443226e-15
3.08,2.011290176299028e-15
3.09,2.051920933042924e-15
3.1,2.093372485519348e-15
3.11,2.135661414901969e-15
3.12,2.178804637326432e-15
3.13,2.222819410656926e-15
3.14,2.267723341389686e-15
3.15,2.313534391695699e-15
3.16,2.360270886605944e-15
3.17,2.407951521341529e-15
3.18,2.456595368792083e-15
3.19,2.506221887145212e-15
3.2,2.556850927669918e-15
3.21,2.608502742657511e-15
3.22,2.661197993522649e-15
3.23,2.714957759068327e-15
3.24,2.769803543917552e-15
3.25,2.825757287115531e-15
3.26,2.882841370905643e-15
3.27,2.941078629682493e-15
3.28,3.000492359126142e-15
3.29,3.061106325520518e-15
3.3,3.122944775260418e-15
3.31,3.18603244455022e-15
3.32,3.250394569298863e-15
3.33,3.316056895214374e-15
3.34,3.383045688102676e-15
3.35,3.451387744374098e-15
3.36,3.52111040176236e-15
3.37,3.592241550260117e-15
3.38,3.664809643275144e-15
3.39,3.738843709012289e-15
3.4,3.814373362084925e-15
3.41,3.891428815361411e-15
3.42,3.970040892050451e-15
3.43,4.050241038030868e-15
3.44,4.132061334430459e-15
3.45,4.215534510458679e-15
3.46,4.300693956498988e-15
3.47,4.387573737465217e-15
3.48,4.476208606428226e-15
3.49,4.566634018517383e-15
3.5,4.65888614510318e-15
3.51,4.753001888266362e-15
3.52,4.849018895559019e-15
3.53,4.946975575064381e-15
3.54,5.046911110760287e-15
3.55,5.148865478193579e-15
3.56,5.252879460470565e-15
3.57,5.358994664571105e-15
3.58,5.467253537991647e-15
3.59,5.577699385725111e-15
3.6,5.690376387583183e-15
3.61,5.805329615868944e-15
3.62,5.92260505340652e-15
3.63,6.042249611934535e-15
3.64,6.164311150871769e-15
3.65,6.288838496461221e-15
3.66,6.415881461301598e-15
3.67,6.545490864272721e-15
3.68,6.677718550863884e-15
3.69,6.812617413912871e-15
3.7,6.950241414763487e-15
3.71,7.090645604851176e-15
3.72,7.233886147723957e-15
3.73,7.380020341508979e-15
3.74,7.52910664183219e-15
3.75,7.681204685201505e-15
3.76,7.836375312862382e-15
3.77,7.994680595134747e-15
3.78,8.156183856242382e-15
3.79,8.320949699643024e-15
3.8,8.489044033871056e-15
3.81,8.660534098901339e-15
3.82,8.835488493046571e-15
3.83,9.013977200397041e-15
3.84,9.196071618815697e-15
3.85,9.381844588497805e-15
3.86,9.571370421108171e-15
3.87,9.764724929507021e-15
3.88,9.961985458075673e-15
3.89,1.016323091365587e-14
3.9,1.0368541797113e-14
3.91,1.057800023553812e-14
3.92,1.079169001509934e-14
3.93,1.100969661455764e-14
3.94,1.123210723945975e-14
3.95,1.1459010857021e-14
3.96,1.169049823171397e-14
3.97,1.192666196157494e-14
3.98,1.21675965152449e-14
3.99,1.241339826975774e-14
4,1.266416554909257e-14
4.01,1.291999866350488e-14
4.02,1.318099994965153e-14
4.03,1.34472738115271e-14
4.04,1.371892676222656e-14
4.05,1.399606746655246e-14
4.06,1.427880678448165e-14
4.07,1.456725781551127e-14
4.08,1.486153594389978e-14
4.09,1.51617588848223e-14
4.1,1.546804673145822e-14
4.11,1.57805220030301e-14
4.12,1.609930969381302e-14
4.13,1.642453732313366e-14
4.14,1.675633498638042e-14
4.15,1.709483540704245e-14
4.16,1.744017398980147e-14
4.17,1.779248887469517e-14
4.18,1.815192099237508e-14
4.19,1.851861412048085e-14
4.2,1.889271494115282e-14
4.21,1.92743730997076e-14
4.22,1.96637412644972e-14
4.23,2.006097518797943e-14
4.24,2.046623376902002e-14
4.25,2.087967911645498e-14
4.26,2.130147661393594e-14
4.27,2.173179498608594e-14
4.28,2.217080636599158e-14
4.29,2.261868636405815e-14
4.3,2.3075614138257e-14
4.31,2.354177246579002e-14
4.32,2.401734781620384e-14
4.33,2.450253042597971e-14
4.34,2.499751437463072e-14
4.350000000000001,2.55024976623363e-14
4.36,2.601768228914446e-14
4.37,2.654327433577552e-14
4.38,2.707948404605572e-14
4.39,2.762652591101914e-14
4.4,2.818461875470545e-14
4.41,2.875398582169355e-14
4.42,2.933485486640192e-14
4.43,2.992745824419345e-14
4.44,3.053203300432085e-14
4.45,3.114882098474895e-14
4.46,3.177806890889431e-14
4.47,3.242002848431622e-14
4.48,3.307495650340489e-14
4.49,3.374311494610009e-14
4.5,3.442477108468792e-14
4.51,3.512019759071267e-14
4.52,3.582967264404924e-14
4.53,3.655348004417888e-14
4.54,3.729190932371213e-14
4.55,3.804525586420723e-14
4.56,3.881382101432469e-14
4.57,3.959791221037237e-14
4.58,4.039784309928339e-14
4.59,4.12139336640792e-14
4.600000000000001,4.204651035186719e-14
4.61,4.289590620442324e-14
4.62,4.376246099141437e-14
4.63,4.4646521346309e-14
4.64,4.554844090503732e-14
4.65,4.646858044744813e-14
4.66,4.740730804162723e-14
4.67,4.83649991911288e-14
4.68,4.934203698518207e-14
4.69,5.033881225193215e-14
4.7,5.135572371477572e-14
4.71,5.239317815185766e-14
4.72,5.345159055878495e-14
4.73,5.453138431463348e-14
4.74,5.563299135130245e-14
4.75,5.6756852326295e-14
4.76,5.790341679898617e-14
4.77,5.907314341045274e-14
4.78,6.026650006693608e-14
4.79,6.148396412700976e-14
4.8,6.272602259253176e-14
4.81,6.399317230344862e-14
4.82,6.528592013654048e-14
4.83,6.660478320817746e-14
4.84,6.795028908117327e-14
4.850000000000001,6.932297597581766e-14
4.86,7.072339298517051e-14
4.87,7.215210029470901e-14
4.88,7.360966940640564e-14
4.89,7.509668336734065e-14
4.9,7.661373700292472e-14
4.91,7.816143715484001e-14
4.92,7.974040292378355e-14
4.93,8.135126591711606e-14
4.94,8.299467050151365e-14
4.95,8.467127406072153e-14
4.96,8.638174725851959e-14
4.97,8.812677430699233e-14
4.98,8.990705324022773e-14
4.99,9.172329619353551e-14
5,9.357622968831418e-14
5.01,9.546659492266777e-14
5.02,9.739514806789522e-14
5.03,9.936266057096936e-14
5.04,1.013699194631242e-13
5.05,1.034177276746818e-13
5.06,1.055069043562303e-13
5.07,1.076382852062985e-13
5.08,1.098127228056455e-13
5.09,1.120310869583036e-13
5.100000000000001,1.142942650395132e-13
5.11,1.166031623506813e-13
5.12,1.189587024815201e-13
5.13,1.213618276794875e-13
5.14,1.238134992267067e-13
5.15,1.263146978244847e-13
5.16,1.288664239856107e-13
5.17,1.314696984345726e-13
5.18,1.341255625158608e-13
5.19,1.368350786105203e-13
5.2,1.395993305611149e-13
5.21,1.424194241052839e-13
5.22,1.452964873180447e-13
5.23,1.482316710630459e-13
5.24,1.512261494529201e-13
5.25,1.542811203189508e-13
5.26,1.573978056902177e-13
5.27,1.605774522824259e-13
5.28,1.638213319966085e-13
5.29,1.671307424279019e-13
5.3,1.705070073846068e-13
5.31,1.739514774177218e-13
5.32,1.774655303611874e-13
5.33,1.810505718830357e-13
5.34,1.847080360476767e-13
5.350000000000001,1.884393858895437e-13
5.36,1.922461139983233e-13
5.37,1.961297431160188e-13
5.38,2.000918267460571e-13
5.39,2.041339497747213e-13
5.4,2.082577291051165e-13
5.41,2.124648143039599e-13
5.42,2.167568882614263e-13
5.43,2.211356678643272e-13
5.44,2.256029046828888e-13
5.45,2.301603856714002e-13
5.46,2.348099338830272e-13
5.47,2.39553409199046e-13
5.48,2.443927090728334e-13
5.49,2.493297692888613e-13
5.5,2.543665647370453e-13
5.51,2.595051102027227e-13
5.52,2.647474611725946e-13
5.53,2.70095714656949e-13
5.54,2.755520100284874e-13
5.55,2.811185298781142e-13
5.56,2.867975008879872e-13
5.57,2.925911947222322e-13
5.58,2.98501928935633e-13
5.59,3.045320679006857e-13
5.600000000000001,3.106840237533804e-13
5.61,3.169602573580819e-13
5.62,3.233632792919209e-13
5.63,3.29895650849041e-13
5.64,3.36559985065169e-13
5.65,3.433589477628468e-13
5.66,3.502952586178087e-13
5.67,3.57371692246882e-13
5.68,3.645910793178719e-13
5.69,3.719563076818679e-13
5.7,3.794703235284159e-13
5.71,3.87136132564048e-13
5.72,3.949568012145851e-13
5.73,4.029354578517699e-13
5.74,4.110752940446364e-13
5.75,4.193795658361957e-13
5.76,4.278515950458895e-13
5.77,4.364947705983633e-13
5.78,4.453125498790838e-13
5.79,4.543084601173302e-13
5.8,4.634860997971511e-13
5.81,4.728491400967837e-13
5.82,4.824013263571916e-13
5.83,4.921464795802431e-13
5.84,5.020884979571643e-13
5.850000000000001,5.122313584278697e-13
5.86,5.22579118271782e-13
5.87,5.331359167308178e-13
5.88,5.439059766651126e-13
5.89,5.548936062422501e-13
5.9,5.661032006605588e-13
5.91,5.775392439072712e-13
5.92,5.892063105521684e-13
5.93,6.011090675774713e-13
5.94,6.132522762446973e-13
5.95,6.256407939992185e-13
5.96,6.382795764133275e-13
5.97,6.511736791685002e-13
5.98,6.643282600777714e-13
5.99,6.777485811488942e-13
6,6.914400106892395e-13
6.01,7.054080254531775e-13
6.02,7.196582128328568e-13
6.03,7.341962730932363e-13
6.04,7.490280216522555e-13
6.05,7.641593914071076e-13
6.06,7.795964351074409e-13
6.07,7.953453277765673e-13
6.08,8.114123691815425e-13
6.09,8.278039863531585e-13
6.100000000000001,8.445267361568439e-13
6.11,8.615873079154842e-13
6.12,8.789925260852718e-13
6.13,8.967493529855346e-13
6.140000000000001,9.148648915838058e-13
6.15,9.333463883370585e-13
6.16,9.522012360904198e-13
6.17,9.714369770343922e-13
6.18,9.910613057218328e-13
6.19,1.011082072145881e-12
6.2,1.031507284880042e-12
6.21,1.052345114281763e-12
6.22,1.073603895760632e-12
6.23,1.095292133112708e-12
6.24,1.117418501922101e-12
6.25,1.13999185303136e-12
6.26,1.163021216081909e-12
6.27,1.186515803126032e-12
6.28,1.210485012311813e-12
6.29,1.234938431642509e-12
6.3,1.259885842811918e-12
6.31,1.285337225117129e-12
6.32,1.311302759450426e-12
6.33,1.337792832371753e-12
6.34,1.364818040263482e-12
6.350000000000001,1.392389193569115e-12
6.36,1.42051732111758e-12
6.37,1.449213674534961e-12
6.38,1.478489732745227e-12
6.390000000000001,1.508357206562035e-12
6.4,1.538828043373133e-12
6.41,1.569914431919532e-12
6.42,1.601628807171141e-12
6.43,1.633983855300923e-12
6.44,1.666992518759542e-12
6.45,1.700668001452482e-12
6.46,1.735023774021856e-12
6.47,1.770073579234749e-12
6.48,1.805831437480607e-12
6.49,1.842311652379485e-12
6.5,1.879528816503757e-12
6.51,1.917497817215307e-12
6.52,1.956233842620676e-12
6.53,1.995752387646521e-12
6.54,2.036069260237749e-12
6.55,2.077200587680989e-12
6.56,2.11916282305562e-12
6.57,2.1619727518153e-12
6.58,2.205647498502338e-12
6.59,2.250204533597743e-12
6.600000000000001,2.295661680509662e-12
6.61,2.342037122702936e-12
6.62,2.38934941097282e-12
6.63,2.437617470865424e-12
6.640000000000001,2.48686061024832e-12
6.65,2.537098527033816e-12
6.66,2.58835131705848e-12
6.67,2.640639482121698e-12
6.68,2.693983938186677e-12
6.69,2.748406023747117e-12
6.7,2.803927508362849e-12
6.71,2.860570601368049e-12
6.72,2.918357960755128e-12
6.73,2.977312702238386e-12
6.74,3.037458408500455e-12
6.75,3.098819138625799e-12
6.76,3.161419437724616e-12
6.77,3.225284346751226e-12
6.78,3.290439412520786e-12
6.79,3.356910697928313e-12
6.8,3.424724792374305e-12
6.81,3.4939088224007e-12
6.82,3.564490462541982e-12
6.83,3.6364979463953e-12
6.84,3.709960077914303e-12
6.850000000000001,3.784906242931115e-12
6.86,3.86136642091099e-12
6.87,3.939371196944649e-12
6.88,4.018951773982522e-12
6.890000000000001,4.10013998531656e-12
6.9,4.182968307313771e-12
6.91,4.267469872407352e-12
6.92,4.353678482350033e-12
6.93,4.441628621735249e-12
6.94,4.531355471791442e-12
6.95,4.622894924454951e-12
6.96,4.716283596727439e-12
6.97,4.811558845322937e-12
6.98,4.908758781611295e-12
6.99,5.00792228686298e-12
7,5.109089027802296e-12
7.01,5.212299472474517e-12
7.02,5.317594906433653e-12
7.03,5.425017449257254e-12
7.04,5.534610071394694e-12
7.05,5.64641661135615e-12
7.06,5.760481793248305e-12
7.07,5.876851244664809e-12
7.08,5.995571514937826e-12
7.09,6.116690093758405e-12
7.100000000000001,6.240255430173016e-12
7.11,6.3663169519637e-12
7.12,6.494925085420085e-12
7.13,6.626131275510242e-12
7.140000000000001,6.759988006459718e-12
7.15,6.896548822745582e-12
7.16,7.035868350515181e-12
7.17,7.178002319437223e-12
7.18,7.323007584994394e-12
7.19,7.470942151226349e-12
7.2,7.621865193931962e-12
7.21,7.775837084340728e-12
7.22,7.932919413261659e-12
7.23,8.093175015720867e-12
7.24,8.256667996095987e-12
7.25,8.423463753759101e-12
7.26,8.593629009237214e-12
7.27,8.767231830901384e-12
7.28,8.944341662195005e-12
7.29,9.125029349411962e-12
7.3,9.309367170036426e-12
7.31,9.497428861654385e-12
7.32,9.689289651449996e-12
7.33,9.885026286297309e-12
7.34,1.008471706346008e-11
7.350000000000001,1.028844186191173e-11
7.36,1.049628217428786e-11
7.37,1.070832113948476e-11
7.38,1.092464357591551e-11
7.390000000000001,1.114533601543913e-11
7.4,1.137048673797386e-11
7.41,1.160018580681074e-11
7.42,1.183452510463993e-11
7.43,1.207359837030507e-11
7.44,1.231750123630008e-11
7.45,1.256633126702324e-11
7.46,1.282018799780473e-11
7.47,1.307917297472139e-11
7.48,1.334338979521728e-11
7.49,1.361294414954331e-11
7.5,1.388794386303527e-11
7.51,1.416849893924519e-11
7.52,1.445472160394423e-11
7.53,1.474672635001459e-11
7.54,1.504462998324787e-11
7.55,1.534855166906959e-11
7.56,1.565861298020613e-11
7.57,1.597493794531611e-11
7.58,1.629765309860316e-11
7.59,1.662688753043141e-11
7.600000000000001,1.696277293896335e-11
7.61,1.730544368284064e-11
7.62,1.765503683492991e-11
7.63,1.801169223715292e-11
7.640000000000001,1.837555255642612e-11
7.65,1.87467633417284e-11
7.66,1.912547308232334e-11
7.67,1.951183326715653e-11
7.68,1.990599844545325e-11
7.69,2.030812628854032e-11
7.7,2.071837765291634e-11
7.71,2.113691664459725e-11
7.72,2.156391068475979e-11
7.73,2.199953057671345e-11
7.74,2.244395057422289e-11
7.75,2.289734845121264e-11
7.76,2.335990557287864e-11
7.77,2.383180696823679e-11
7.78,2.431324140413718e-11
7.79,2.480440146077282e-11
7.8,2.530548360871533e-11
7.81,2.58166882875045e-11
7.82,2.633821998582777e-11
7.83,2.687028732331799e-11
7.84,2.741310313400415e-11
7.850000000000001,2.796688455144791e-11
7.86,2.853185309559942e-11
7.87,2.910823476140938e-11
7.88,2.969626010922851e-11
7.890000000000001,3.029616435703637e-11
7.9,3.090818747453016e-11
7.91,3.153257427911696e-11
7.92,3.21695745338434e-11
7.930000000000001,3.281944304730434e-11
7.94,3.34824397755698e-11
7.95,3.415882992617027e-11
7.96,3.484888406418459e-11
7.97,3.555287822046775e-11
7.98,3.627109400206886e-11
7.99,3.700381870487592e-11
8,3.775134542853934e-11
8.01,3.851397319371503e-11
8.02,3.929200706167691e-11
8.029999999999999,4.008575825634534e-11
8.040000000000001,4.089554428878107e-11
8.050000000000001,4.172168908419328e-11
8.06,4.25645231115149e-11
8.07,4.342438351559391e-11
8.08,4.430161425205602e-11
8.09,4.519656622489147e-11
8.1,4.610959742682127e-11
8.109999999999999,4.704107308249912e-11
8.120000000000001,4.799136579460625e-11
8.130000000000001,4.896085569289681e-11
8.140000000000001,4.994993058625589e-11
8.15,5.095898611782746e-11
8.16,5.198842592327721e-11
8.17,5.303866179225209e-11
8.18,5.411011383310169e-11
8.19,5.520321064092718e-11
8.199999999999999,5.631838946902511e-11
8.210000000000001,5.745609640379465e-11
8.220000000000001,5.861678654317738e-11
8.23,5.980092417870372e-11
8.24,6.10089829812149e-11
8.25,6.224144619033786e-11
8.26,6.349880680778746e-11
8.27,6.478156779457384e-11
8.279999999999999,6.609024227219342e-11
8.290000000000001,6.742535372788467e-11
8.300000000000001,6.878743622402899e-11
8.31,7.017703461178417e-11
8.32,7.159470474903122e-11
8.33,7.304101372272517e-11
8.34,7.451654007573733e-11
8.35,7.602187403828026e-11
8.359999999999999,7.755761776400763e-11
8.370000000000001,7.912438557088406e-11
8.380000000000001,8.072280418691931e-11
8.390000000000001,8.235351300086951e-11
8.4,8.401716431800014e-11
8.41,8.571442362101705e-11
8.42,8.744596983626839e-11
8.43,8.921249560532428e-11
8.44,9.101470756204258e-11
8.449999999999999,9.285332661523188e-11
8.460000000000001,9.472908823702502e-11
8.470000000000001,9.664274275707625e-11
8.48,9.859505566270532e-11
8.49,1.00586807905101e-10
8.5,1.026187962117127e-10
8.51,1.046918334049515e-10
8.52,1.068067487273305e-10
8.529999999999999,1.089643881731725e-10
8.540000000000001,1.111656148270195e-10
8.550000000000001,1.134113092088766e-10
8.56,1.157023696264338e-10
8.57,1.180397125343997e-10
8.58,1.20424272901096e-10
8.59,1.22857004582457e-10
8.6,1.253388807035851e-10
8.609999999999999,1.278708940480135e-10
8.620000000000001,1.304540574548332e-10
8.630000000000001,1.330894042238408e-10
8.640000000000001,1.357779885288744e-10
8.65,1.385208858394956e-10
8.66,1.413191933511921e-10
8.67,1.441740304242704e-10
8.68,1.470865390316149e-10
8.69,1.500578842154925e-10
8.700000000000001,1.530892545535849e-10
8.710000000000001,1.561818626344343e-10
8.720000000000001,1.593369455424973e-10
8.73,1.625557653529935e-10
8.74,1.658396096367529e-10
8.75,1.691897919752612e-10
8.76,1.726076524861099e-10
8.77,1.760945583590616e-10
8.779999999999999,1.796519044029435e-10
8.790000000000001,1.832811136035905e-10
8.800000000000001,1.869836376930559e-10
8.81,1.907609577303273e-10
8.82,1.946145846937675e-10
8.83,1.985460600855263e-10
8.84,2.025569565481622e-10
8.85,2.066488784937205e-10
8.859999999999999,2.108234627455187e-10
8.870000000000001,2.150823791928996e-10
8.880000000000001,2.194273314592048e-10
8.890000000000001,2.238600575832527e-10
8.9,2.28382330714573e-10
8.91,2.329959598226914e-10
8.92,2.377027904207415e-10
8.93,2.425047053036946e-10
8.94,2.474036253015025e-10
8.950000000000001,2.524015100474563e-10
8.960000000000001,2.57500358762062e-10
8.970000000000001,2.627022110527605e-10
8.98,2.680091477297947e-10
8.99,2.734232916385617e-10
9,2.789468085087792e-10
9.01,2.845819078208069e-10
9.02,2.903308436894668e-10
9.029999999999999,2.961959157657204e-10
9.040000000000001,3.021794701565599e-10
9.050000000000001,3.082839003634784e-10
9.06,3.145116482399083e-10
9.07,3.208652049679917e-10
9.08,3.273471120550863e-10
9.09,3.339599623504032e-10
9.1,3.407064010821806e-10
9.109999999999999,3.475891269158102e-10
9.120000000000001,3.546108930333409e-10
9.130000000000001,3.617745082347826e-10
9.140000000000001,3.690828380616719e-10
9.15,3.76538805943321e-10
9.16,3.841453943662301e-10
9.17,3.919056460671214e-10
9.18,3.998226652500746e-10
9.19,4.078996188282491e-10
9.200000000000001,4.161397376906935e-10
9.210000000000001,4.245463179947383e-10
9.220000000000001,4.331227224845106e-10
9.23,4.418723818360718e-10
9.24,4.507987960297344e-10
9.25,4.599055357501006e-10
9.26,4.691962438143839e-10
9.27,4.78674636629584e-10
9.279999999999999,4.883445056790995e-10
9.290000000000001,4.982097190393731e-10
9.300000000000001,5.082742229271664e-10
9.31,5.185420432781101e-10
9.32,5.290172873571238e-10
9.33,5.397041454013794e-10
9.34,5.506068922964508e-10
9.35,5.617298892863253e-10
9.359999999999999,5.730775857179589e-10
9.370000000000001,5.846545208210764e-10
9.380000000000001,5.964653255239154e-10
9.390000000000001,6.08514724305671e-10
9.4,6.208075370863424e-10
9.41,6.33348681154767e-10
9.42,6.461431731356007e-10
9.43,6.591961309960351e-10
9.44,6.725127760930515e-10
9.450000000000001,6.860984352620358e-10
9.460000000000001,6.999585429475741e-10
9.470000000000001,7.14098643377316e-10
9.48,7.285243927797308e-10
9.49,7.432415616466754e-10
9.5,7.582560370416685e-10
9.51,7.735738249547928e-10
9.52,7.892010527051721e-10
9.529999999999999,8.051439713919791e-10
9.540000000000001,8.214089583949616e-10
9.550000000000001,8.380025199254666e-10
9.56,8.549312936290294e-10
9.57,8.722020512405074e-10
9.58,8.89821701292867e-10
9.59,9.077972918806883e-10
9.6,9.26136013479496e-10
9.609999999999999,9.448452018220463e-10
9.620000000000001,9.639323408327181e-10
9.630000000000001,9.834050656211703e-10
9.640000000000001,1.003271165536506e-09
9.65,1.023538587283104e-09
9.66,1.044215438099404e-09
9.67,1.065309989000915e-09
9.68,1.086830678088728e-09
9.69,1.108786113924868e-09
9.700000000000001,1.13118507897584e-09
9.710000000000001,1.154036533125709e-09
9.720000000000001,1.177349617260202e-09
9.73,1.201133656923168e-09
9.74,1.225398166046916e-09
9.75,1.250152850757921e-09
9.76,1.275407613259398e-09
9.77,1.301172555792317e-09
9.779999999999999,1.327457984676432e-09
9.790000000000001,1.354274414432949e-09
9.800000000000001,1.381632571990455e-09
9.81,1.409543400975859e-09
9.82,1.438018066091971e-09
9.83,1.46706795758353e-09
9.84,1.496704695793458e-09
9.85,1.526940135811146e-09
9.859999999999999,1.557786372214649e-09
9.870000000000001,1.58925574390868e-09
9.880000000000001,1.621360839060314e-09
9.890000000000001,1.654114500134453e-09
9.9,1.687529829030962e-09
9.91,1.721620192325602e-09
9.92,1.756399226616841e-09
9.93,1.79188084398067e-09
9.94,1.828079237535618e-09
9.950000000000001,1.865008887120192e-09
9.960000000000001,1.902684565084978e-09
9.970000000000001,1.941121342201814e-09
9.98,1.980334593692271e-09
9.99,2.02034000537795e-09
10,2.061153579955016e-09
10.01,2.10279164339549e-09
10.02,2.145270851477848e-09
10.03,2.188608196449554e-09
10.04,2.23282101382419e-09
10.05,2.277926989315856e-09
10.06,2.323944165913735e-09
10.07,2.370890951099496e-09
10.08,2.418786124210532e-09
10.09,2.467648843951947e-09
10.1,2.517498656060282e-09
10.11,2.568355501122071e-09
10.12,2.620239722550343e-09
10.13,2.673172074722221e-09
10.14,2.727173731280993e-09
10.15,2.782266293605813e-09
10.16,2.838471799452547e-09
10.17,2.895812731769158e-09
10.18,2.954312027689183e-09
10.19,3.013993087706882e-09
10.2,3.074879785037757e-09
10.21,3.136996475168103e-09
10.22,3.200368005597585e-09
10.23,3.265019725778519e-09
10.24,3.330977497255996e-09
10.25,3.398267704012834e-09
10.26,3.466917263023515e-09
10.27,3.536953635021327e-09
10.28,3.608404835483012e-09
10.29,3.681299445835337e-09
10.3,3.755666624887979e-09
10.31,3.831536120497511e-09
10.32,3.908938281466873e-09
10.33,3.987904069685306e-09
10.34,4.068465072513504e-09
10.35,4.15065351541897e-09
10.36,4.234502274866618e-09
10.37,4.320044891469804e-09
10.38,4.407315583406938e-09
10.39,4.496349260109293e-09
10.4,4.58718153622517e-09
10.41,4.679848745866224e-09
10.42,4.774387957141583e-09
10.43,4.870836986985571e-09
10.44,4.969234416284964e-09
10.45,5.069619605311861e-09
10.46,5.172032709468233e-09
10.47,5.276514695348694e-09
10.48,5.383107357127606e-09
10.49,5.4918533332773e-09
10.5,5.602796123624006e-09
10.51,5.715980106748348e-09
10.52,5.831450557737337e-09
10.53,5.949253666294995e-09
10.54,6.069436555218839e-09
10.55,6.192047299249518e-09
10.56,6.317134944301454e-09
10.57,6.444749527081745e-09
10.58,6.574942095105508e-09
10.59,6.70776472711553e-09
10.6,6.843270553914437e-09
10.61,6.981513779617674e-09
10.62,7.12254970333588e-09
10.63,7.26643474129512e-09
10.64,7.413226449404249e-09
10.65,7.562983546277894e-09
10.66,7.715765936724679e-09
10.67,7.871634735709887e-09
10.68,8.030652292802233e-09
10.69,8.192882217114466e-09
10.7,8.358389402747846e-09
10.71,8.527240054750482e-09
10.72,8.699501715600357e-09
10.73,8.875243292223048e-09
10.74,9.054535083555386e-09
10.75,9.237448808665911e-09
10.76,9.424057635443393e-09
10.77,9.614436209864896e-09
10.78,9.808660685855104e-09
10.79,1.000680875574887e-08
10.8,1.020895968136895e-08
10.81,1.041519432573198e-08
10.82,1.062559518539448e-08
10.83,1.084024642345256e-08
10.84,1.105923390320821e-08
10.85,1.128264522251563e-08
10.86,1.15105697488215e-08
10.87,1.174309865491307e-08
10.88,1.198032495538821e-08
10.89,1.222234354386269e-08
10.9,1.246925123092853e-08
10.91,1.272114678287955e-08
10.92,1.297813096121902e-08
10.93,1.324030656296551e-08
10.94,1.350777846177294e-08
10.95,1.378065364988135e-08
10.96,1.405904128091492e-08
10.97,1.434305271354496e-08
10.98,1.463280155603457e-08
10.99,1.492840371168337e-08
11,1.522997742519015e-08
11.01,1.553764332995219e-08
11.02,1.585152449632004e-08
11.03,1.617174648082715e-08
11.04,1.649843737641398e-08
11.05,1.683172786366649e-08
11.06,1.717175126309025e-08
11.07,1.751864358843996e-08
11.08,1.787254360112663e-08
11.09,1.823359286572373e-08
11.1,1.860193580659471e-08
11.11,1.897771976566436e-08
11.12,1.936109506135743e-08
11.13,1.975221504872736e-08
11.14,2.015123618080059e-08
11.15,2.055831807115919e-08
11.16,2.097362355778824e-08
11.17,2.139731876821286e-08
11.18,2.182957318595109e-08
11.19,2.227055971830923e-08
11.2,2.272045476554682e-08
11.21,2.317943829143831e-08
11.22,2.364769389526118e-08
11.23,2.412540888523725e-08
11.24,2.461277435345824e-08
11.25,2.510998525232464e-08
11.26,2.561724047252884e-08
11.27,2.613474292261359e-08
11.28,2.66626996101376e-08
11.29,2.720132172448095e-08
11.3,2.77508247213227e-08
11.31,2.831142840882607e-08
11.32,2.888335703556367e-08
11.33,2.946683938021942e-08
11.34,3.006210884310241e-08
11.35,3.066940353950953e-08
11.36,3.128896639497406e-08
11.37,3.192104524243853e-08
11.38,3.256589292139e-08
11.39,3.322376737899915e-08
11.4,3.389493177330135e-08
11.41,3.457965457846262e-08
11.42,3.527820969217207e-08
11.43,3.599087654520367e-08
11.44,3.67179402131914e-08
11.45,3.745969153066244e-08
11.46,3.821642720737326e-08
11.47,3.898844994699734e-08
11.48,3.977606856820892e-08
11.49,4.057959812821364e-08
11.5,4.139936004877445e-08
11.51,4.223568224478328e-08
11.52,4.308889925543016e-08
11.53,4.395935237802199e-08
11.54,4.484738980450475e-08
11.55,4.575336676074284e-08
11.56,4.667764564861363e-08
11.57,4.762059619097078e-08
11.58,4.85825955795369e-08
11.59,4.956402862578347e-08
11.6,5.056528791485886e-08
11.61,5.158677396262573e-08
11.62,5.262889537587102e-08
11.63,5.369206901575129e-08
11.64,5.477672016454185e-08
11.65,5.588328269575238e-08
11.66,5.701219924768004e-08
11.67,5.816392140046839e-08
11.68,5.933890985674298e-08
11.69,6.053763462589597e-08
11.7,6.176057521209378e-08
11.71,6.300822080608151e-08
11.72,6.428107048086412e-08
11.73,6.557963339133853e-08
11.74,6.69044289779594e-08
11.75,6.825598717451905e-08
11.76,6.963484862012462e-08
11.77,7.104156487545743e-08
11.78,7.247669864340102e-08
11.79,7.394082399412615e-08
11.8,7.543452659472163e-08
11.81,7.695840394346634e-08
11.82,7.851306560883121e-08
11.83,8.009913347331052e-08
11.84,8.171724198217861e-08
11.85,8.336803839727152e-08
11.86,8.505218305589537e-08
11.87,8.677034963496522e-08
11.88,8.852322542047806e-08
11.89,9.031151158243251e-08
11.9,9.213592345529922e-08
11.91,9.399719082415814e-08
11.92,9.589605821661605e-08
11.93,9.783328520062077e-08
11.94,9.980964668829167e-08
11.95,1.018259332458878e-07
11.96,1.038829514100363e-07
11.97,1.059815240103518e-07
11.98,1.081224904985699e-07
11.99,1.103067072843308e-07
12,1.125350480777461e-07
12.01,1.14808404238885e-07
12.02,1.171276851343207e-07
12.03,1.194938185008798e-07
12.04,1.219077508167373e-07
12.05,1.243704476800122e-07
12.06,1.268828941950071e-07
12.07,1.294460953662511e-07
12.08,1.320610765005037e-07
12.09,1.347288836168782e-07
12.1,1.374505838652499e-07
12.11,1.40227265953117e-07
12.12,1.430600405810843e-07
12.13,1.459500408871415e-07
12.14,1.488984228999206e-07
12.15,1.519063660011055e-07
12.16,1.549750733971837e-07
12.17,1.581057726007276e-07
12.18,1.61299715921398e-07
12.19,1.645581809668655e-07
12.2,1.678824711538522e-07
12.21,1.712739162294924e-07
12.22,1.747338728032317e-07
12.23,1.782637248894646e-07
12.24,1.81864884461136e-07
12.25,1.855387920145257e-07
12.26,1.892869171454406e-07
12.27,1.931107591370474e-07
12.28,1.970118475595789e-07
12.29,2.009917428821522e-07
12.3,2.050520370969517e-07
12.31,2.091943543560141e-07
12.32,2.1342035162088e-07
12.33,2.177317193253676e-07
12.34,2.221301820517345e-07
12.35,2.266174992204976e-07
12.36,2.311954657941883e-07
12.37,2.358659129953227e-07
12.38,2.406307090388722e-07
12.39,2.454917598795372e-07
12.4,2.504510099741072e-07
12.41,2.555104430592256e-07
12.42,2.606720829448626e-07
12.43,2.65937994323818e-07
12.44,2.71310283597574e-07
12.45,2.767910997188318e-07
12.46,2.823826350510621e-07
12.47,2.880871262454277e-07
12.48,2.939068551354099e-07
12.49,2.99844149649511e-07
12.5,3.059013847423914e-07
12.51,3.120809833448155e-07
12.52,3.183854173327859e-07
12.53,3.248172085162547e-07
12.54,3.313789296477997e-07
12.55,3.380732054516879e-07
12.56,3.449027136737121e-07
12.57,3.518701861522408e-07
12.58,3.589784099108997e-07
12.59,3.662302282733255e-07
12.6,3.736285420004362e-07
12.61,3.811763104506729e-07
12.62,3.888765527636791e-07
12.63,3.967323490678818e-07
12.64,4.047468417124784e-07
12.65,4.12923236524294e-07
12.66,4.212648040900332e-07
12.67,4.297748810644301e-07
12.68,4.384568715048205e-07
12.69,4.473142482326713e-07
12.7,4.56350554222613e-07
12.71,4.655694040195184e-07
12.72,4.749744851842226e-07
12.73,4.845695597684261e-07
12.74,4.943584658193983e-07
12.75,5.043451189150696e-07
12.76,5.145335137301317e-07
12.77,5.249277256337687e-07
12.78,5.355319123196619e-07
12.79,5.463503154689072e-07
12.8,5.573872624465402e-07
12.81,5.686471680323067e-07
12.82,5.801345361864023e-07
12.83,5.918539618508722e-07
12.84,6.038101327873965e-07
12.85,6.16007831452193e-07
12.86,6.284519369087897e-07
12.87,6.41147426779431e-07
12.88,6.540993792358868e-07
12.89,6.67312975030493e-07
12.9,6.807934995681902e-07
12.91,6.94546345020423e-07
12.92,7.08577012481732e-07
12.93,7.228911141699007e-07
12.94,7.374943756705404e-07
12.95,7.523926382270092e-07
12.96,7.675918610765675e-07
12.97,7.830981238337415e-07
12.98,7.989176289217965e-07
12.99,8.15056704053329e-07
13,8.315218047609557e-07
13.01,8.48319516979113e-07
13.02,8.654565596779971e-07
13.03,8.829397875507035e-07
13.04,9.007761937546182e-07
13.05,9.189729127082069e-07
13.06,9.375372229442526e-07
13.07,9.564765500207344e-07
13.08,9.75798469490487e-07
13.09,9.955107099308335e-07
13.1,1.015621156034403e-06
13.11,1.036137851762368e-06
13.12,1.057069003561358e-06
13.13,1.078422983645332e-06
13.14,1.10020833334375e-06
13.15,1.12243376651733e-06
13.16,1.145108173042803e-06
13.17,1.16824062236803e-06
13.18,1.191840367138918e-06
13.19,1.215916846899571e-06
13.2,1.24047969186717e-06
13.21,1.265538726783059e-06
13.22,1.291103974841635e-06
13.23,1.317185661698541e-06
13.24,1.343794219559813e-06
13.25,1.370940291353591e-06
13.26,1.398634734986078e-06
13.27,1.426888627683429e-06
13.28,1.455713270421319e-06
13.29,1.485120192443938e-06
13.3,1.515121155874267e-06
13.31,1.545728160417412e-06
13.32,1.576953448158918e-06
13.33,1.608809508459969e-06
13.34,1.641309082951423e-06
13.35,1.67446517062869e-06
13.36,1.708291033049473e-06
13.37,1.742800199636462e-06
13.38,1.778006473087065e-06
13.39,1.813923934892414e-06
13.4,1.850566950967751e-06
13.41,1.887950177396512e-06
13.42,1.926088566290375e-06
13.43,1.964997371767624e-06
13.44,2.004692156052203e-06
13.45,2.045188795695914e-06
13.46,2.086503487926197e-06
13.47,2.128652757122125e-06
13.48,2.171653461421076e-06
13.49,2.215522799458803e-06
13.5,2.26027831724557e-06
13.51,2.30593791518109e-06
13.52,2.352519855211082e-06
13.53,2.400042768128293e-06
13.54,2.448525661020867e-06
13.55,2.497987924871142e-06
13.56,2.548449342307759e-06
13.57,2.599930095514283e-06
13.58,2.652450774297458e-06
13.59,2.706032384318316e-06
13.6,2.760696355489419e-06
13.61,2.816464550541602e-06
13.62,2.873359273763625e-06
13.63,2.931403279918175e-06
13.64,2.990619783337919e-06
13.65,3.051032467205031e-06
13.66,3.112665493018068e-06
13.67,3.175543510249869e-06
13.68,3.239691666200392e-06
13.69,3.305135616048364e-06
13.7,3.371901533105814e-06
13.71,3.44001611927947e-06
13.72,3.509506615743392e-06
13.73,3.580400813826842e-06
13.74,3.652727066121932e-06
13.75,3.726514297815383e-06
13.76,3.801792018248942e-06
13.77,3.878590332713058e-06
13.78,3.956939954478527e-06
13.79,4.036872217070835e-06
13.8,4.118419086792278e-06
13.81,4.201613175496582e-06
13.82,4.286487753621331e-06
13.83,4.373076763483291e-06
13.84,4.461414832841952e-06
13.85,4.551537288736706e-06
13.86,4.643480171603142e-06
13.87,4.737280249674123e-06
13.88,4.832975033671272e-06
13.89,4.930602791792965e-06
13.9,5.030202565004468e-06
13.91,5.131814182636562e-06
13.92,5.235478278298757e-06
13.93,5.341236306113453e-06
13.94,5.449130557277504e-06
13.95,5.559204176957808e-06
13.96,5.671501181527517e-06
13.97,5.786066476150023e-06
13.98,5.902945872717336e-06
13.99,6.022186108150267e-06
14,6.143834863067585e-06
14.01,6.267940780831609e-06
14.02,6.394553486977783e-06
14.03,6.523723609036e-06
14.04,6.65550279675142e-06
14.05,6.789943742713159e-06
14.06,6.927100203398594e-06
14.07,7.067027020641988e-06
14.08,7.209780143535837e-06
14.09,7.355416650773668e-06
14.1,7.503994773443141e-06
14.11,7.655573918278543e-06
14.12,7.810214691381922e-06
14.13,7.967978922422107e-06
14.14,8.128929689321661e-06
14.15,8.293131343440982e-06
14.16,8.460649535270017e-06
14.17,8.631551240637556e-06
14.18,8.805904787448586e-06
14.19,8.983779882960291e-06
14.2,9.165247641607561e-06
14.21,9.350380613388827e-06
14.22,9.539252812824028e-06
14.23,9.731939748495459e-06
14.24,9.928518453183766e-06
14.25,1.012906751461081e-05
14.26,1.033366710680163e-05
14.27,1.05423990220779e-05
14.28,1.075534670369562e-05
14.29,1.097259527913977e-05
14.3,1.11942315940896e-05
14.31,1.14203442470673e-05
14.32,1.165102362478436e-05
14.33,1.188636193819929e-05
14.34,1.212645325930111e-05
14.35,1.237139355863308e-05
14.36,1.262128074357157e-05
14.37,1.287621469737514e-05
14.38,1.313629731901923e-05
14.39,1.340163256383256e-05
14.4,1.367232648495067e-05
14.41,1.394848727560348e-05
14.42,1.423022531225343e-05
14.43,1.451765319860109e-05
14.44,1.481088581047587e-05
14.45,1.511004034162932e-05
14.46,1.5415236350449e-05
14.47,1.572659580761195e-05
14.48,1.604424314469564e-05
14.49,1.636830530376627e-05
14.5,1.669891178796361e-05
14.51,1.70361947131025e-05
14.52,1.738028886031114e-05
14.53,1.773133172972714e-05
14.54,1.808946359527189e-05
14.55,1.845482756052595e-05
14.56,1.882756961572599e-05
14.57,1.920783869590677e-05
14.58,1.95957867402105e-05
14.59,1.99915687523871e-05
14.6,2.039534286250897e-05
14.61,2.080727038992452e-05
14.62,2.122751590747542e-05
14.63,2.165624730700196e-05
14.64,2.209363586616372e-05
14.65,2.253985631659991e-05
14.66,2.29950869134574e-05
14.67,2.345950950631319e-05
14.68,2.393330961151908e-05
14.69,2.441667648599689e-05
14.7,2.490980320251322e-05
14.71,2.541288672646252e-05
14.72,2.592612799419004e-05
14.73,2.644973199288308e-05
14.74,2.698390784206349e-05
14.75,2.752886887671236e-05
14.76,2.808483273205956e-05
14.77,2.86520214300711e-05
14.78,2.923066146766817e-05
14.79,2.982098390671145e-05
14.8,3.042322446578752e-05
14.81,3.10376236138306e-05
14.82,3.166442666561794e-05
14.83,3.230388387917508e-05
14.84,3.295625055512901e-05
14.85,3.362178713804769e-05
14.86,3.430075931980532e-05
14.87,3.499343814501346e-05
14.88,3.570010011855802e-05
14.89,3.642102731528577e-05
14.9,3.715650749188011e-05
14.91,3.790683420097125e-05
14.92,3.867230690752418e-05
14.93,3.945323110754939e-05
14.94,4.024991844918208e-05
14.95,4.106268685617672e-05
14.96,4.18918606538636e-05
14.97,4.273777069761798e-05
14.98,4.360075450388828e-05
14.99,4.44811563838359e-05
15,4.537932757963701e-05
15.01,4.629562640349863e-05
15.02,4.723041837944238e-05
15.03,4.818407638791029e-05
15.04,4.915698081324682e-05
15.05,5.014951969411615e-05
15.06,5.116208887690855e-05
15.07,5.219509217219703e-05
15.08,5.324894151430271e-05
15.09,5.432405712402981e-05
15.1,5.542086767463217e-05
15.11,5.65398104610742e-05
15.12,5.768133157265072e-05
15.13,5.884588606902987e-05
15.14,6.003393815978864e-05
15.15,6.124596138750492e-05
15.16,6.248243881447826e-05
15.17,6.374386321314826e-05
15.18,6.503073726028283e-05
15.19,6.634357373500914e-05
15.2,6.768289572076192e-05
15.21,6.904923681122342e-05
15.22,7.044314132033575e-05
15.23,7.186516449645941e-05
15.24,7.331587274076155e-05
15.25,7.479584382991395e-05
15.26,7.630566714318405e-05
15.27,7.784594389400316e-05
15.28,7.941728736609857e-05
15.29,8.102032315427493e-05
15.3,8.265568940993862e-05
15.31,8.432403709144989e-05
15.32,8.60260302193997e-05
15.33,8.776234613690311e-05
15.34,8.953367577500565e-05
15.35,9.134072392329979e-05
15.36,9.318420950585061e-05
15.37,9.506486586253199e-05
15.38,9.698344103587398e-05
15.39,9.894069806353067e-05
15.4,0.0001009374152764683
15.41,0.0001029743866029865
15.42,0.0001050524218786816
15.43,0.0001071723471624624
15.44,0.0001093350050587345
15.45,0.000111541255045868
15.46,0.000113791973811064
15.47,0.0001160880555917466
15.48,0.0001184304125235935
15.49,0.0001208199749953354
15.5,0.0001232576920104477
15.51,0.0001257445315558634
15.52,0.0001282814809778368
15.53,0.0001308695473650918
15.54,0.000133509757939386
15.55,0.0001362031604536343
15.56,0.0001389508235977226
15.57,0.0001417538374121592
15.58,0.0001446133137097048
15.59,0.0001475303865051284
15.6,0.000150506212453236
15.61,0.0001535419712953248
15.62,0.0001566388663142113
15.63,0.0001597981247979977
15.64,0.0001630209985127242
15.65,0.000166308764184074
15.66,0.0001696627239882918
15.67,0.000173084206052482
15.68,0.0001765745649644527
15.69,0.0001801351822922773
15.7,0.0001837674671137469
15.71,0.0001874728565558848
15.72,0.0001912528163447101
15.73,0.0001951088413654199
15.74,0.0001990424562331807
15.75,0.0002030552158747129
15.76,0.0002071487061208553
15.77,0.0002113245443103034
15.78,0.0002155843799047122
15.79,0.0002199298951153593
15.8,0.0002243628055415747
15.81,0.0002288848608211265
15.82,0.0002334978452927771
15.83,0.0002382035786712112
15.84,0.0002430039167345472
15.85,0.0002479007520246434
15.86,0.000252896014560415
15.87,0.000257991672564372
15.88,0.0002631897332026148
15.89,0.0002684922433384879
15.9,0.0002739012903001334
15.91,0.0002794190026621643
15.92,0.0002850475510416896
15.93,0.0002907891489089227
15.94,0.0002966460534126095
15.95,0.0003026205662205122
15.96,0.0003087150343751842
15.97,0.0003149318511652923
15.98,0.0003212734570127103
15.99,0.0003277423403756455
16,0.0003343410386680395
16.01,0.0003410721391954983
16.02,0.000347938280107993
16.03,0.0003549421513696141
16.04,0.0003620864957455833
16.05,0.0003693741098068518
16.06,0.0003768078449524643
16.07,0.0003843906084500343
16.08,0.0003921253644945089
16.09,0.0004000151352855561
16.1,0.0004080630021238116
16.11,0.0004162721065262232
16.12,0.0004246456513608309
16.13,0.0004331869020011602
16.14,0.0004418991875005924
16.15,0.0004507859017868834
16.16,0.000459850504877198
16.17,0.0004690965241138332
16.18,0.0004785275554209768
16.19,0.0004881472645827398
16.2,0.0004979593885426959
16.21,0.0005079677367252794
16.22,0.0005181761923792021
16.23,0.0005285887139432649
16.24,0.0005392093364347184
16.25,0.0005500421728605205
16.26,0.0005610914156517193
16.27,0.0005723613381211739
16.28,0.0005838562959449672
16.29,0.000595580728667637
16.3,0.0006075391612316018
16.31,0.0006197362055308928
16.32,0.0006321765619895646
16.33,0.0006448650211648861
16.34,0.0006578064653756477
16.35,0.0006710058703557661
16.36,0.0006844683069333553
16.37,0.0006981989427355907
16.38,0.0007122030439194217
16.39,0.0007264859769284832
16.4,0.0007410532102762351
16.41,0.0007559103163556655
16.42,0.0007710629732755717
16.43,0.0007865169667237018
16.44,0.0008022781918568556
16.45,0.000818352655218022
16.46,0.0008347464766808154
16.47,0.0008514658914211469
16.48,0.0008685172519164075
16.49,0.0008859070299720659
16.5,0.0009036418187758901
16.51,0.0009217283349797876
16.52,0.0009401734208092278
16.53,0.0009589840462004174
16.54,0.0009781673109650261
16.55,0.0009977304469826406
16.56,0.001017680820420686
16.57,0.001038025933981963
16.58,0.001058773429179478
16.59,0.001079931088638642
16.6,0.0011015068384266
16.61,0.001123508750408448
16.62,0.001145945044630325
16.63,0.001168824091728901
16.64,0.001192154415367248
16.65,0.001215944694696531
16.66,0.001240203766843461
16.67,0.00126494062942285
16.68,0.001290164443075105
16.69,0.001315884534028092
16.7,0.001342110396682811
16.71,0.001368851696222557
16.72,0.001396118271244705
16.73,0.001423920136414795
16.74,0.001452267485141931
16.75,0.001481170692275013
16.76,0.001510640316818919
16.77,0.001540687104669698
16.78,0.001571321991368121
16.79,0.001602556104870327
16.8,0.001634400768334858
16.81,0.001666867502924677
16.82,0.001699968030623343
16.83,0.001733714277063789
16.84,0.001768118374368672
16.85,0.00180319266400083
16.86,0.001838949699622247
16.87,0.001875402249960321
16.88,0.001912563301679412
16.89,0.001950446062256393
16.9,0.001989063962857971
16.91,0.002028430661218333
16.92,0.002068560044514704
16.93,0.00210946623223908
16.94,0.002151163579063809
16.95,0.002193666677698581
16.96,0.002236990361736793
16.97,0.00228114970848831
16.98,0.002326160041796475
16.99,0.002372036934836139
17,0.002418796212890219
17.01,0.002466453956101637
17.02,0.002515026502197332
17.03,0.002564530449181486
17.04,0.002614982657994048
17.05,0.002666400255131545
17.06,0.002718800635225934
17.07,0.002772201463578209
17.08,0.002826620678642216
17.09,0.002882076494454976
17.1,0.002938587403009008
17.11,0.002996172176561993
17.12,0.003054849869879606
17.13,0.00311463982240608
17.14,0.003175561660358166
17.15,0.003237635298736661
17.16,0.003300880943250666
17.17,0.003365319092148848
17.18,0.003430970537951709
17.19,0.003497856369079531
17.2,0.003565997971369149
17.21,0.003635417029473977
17.22,0.003706135528140021
17.23,0.003778175753351909
17.24,0.003851560293341251
17.25,0.003926312039450815
17.26,0.004002454186846911
17.27,0.004080010235072165
17.28,0.004159003988431555
17.29,0.004239459556202895
17.3,0.004321401352664427
17.31,0.004404854096930207
17.32,0.004489842812585557
17.33,0.004576392827112826
17.34,0.004664529771099119
17.35,0.004754279577216418
17.36,0.00484566847896429
17.37,0.004938723009166245
17.38,0.005033469998208843
17.39,0.005129936572014478
17.4,0.005228150149736481
17.41,0.005328138441166866
17.42,0.005429929443845689
17.43,0.005533551439860758
17.44,0.005639032992327527
17.45,0.005746402941536794
17.46,0.005855690400760026
17.47,0.005966924751699503
17.48,0.006080135639572848
17.49,0.006195352967818905
17.5,0.006312606892413996
17.51,0.006431927815786131
17.52,0.006553346380314606
17.53,0.00667689346140382
17.54,0.006802600160117728
17.55,0.006930497795363991
17.56,0.007060617895614094
17.57,0.007192992190148518
17.58,0.007327652599813243
17.59,0.007464631227276464
17.6,0.007603960346772859
17.61,0.007745672393322808
17.62,0.007889799951415805
17.63,0.008036375743144664
17.64,0.008185432615780521
17.65,0.008337003528775557
17.66,0.008491121540183564
17.67,0.008647819792486916
17.68,0.008807131497818791
17.69,0.008969089922571784
17.7,0.009133728371381322
17.71,0.009301080170476296
17.72,0.009471178650386127
17.73,0.00964405712799773
17.74,0.009819748887952702
17.75,0.009998287163379008
17.76,0.01017970511595
17.77,0.01036403581526432
17.78,0.01055131221754316
17.79,0.01074156714363871
17.8,0.01093483325635232
17.81,0.01113114303705808
17.82,0.01133052876163226
17.83,0.01153302247568614
17.84,0.01173865596910472
17.85,0.01194746074989229
17.86,0.01215946801732732
17.87,0.01237470863443272
17.88,0.01259321309976485
17.89,0.01281501151853075
17.9,0.01304013357303969
17.91,0.01326860849250106
17.92,0.01350046502217923
17.93,0.01373573139191799
17.94,0.01397443528405126
17.95,0.01421660380071438
17.96,0.01446226343057678
17.97,0.01471144001501381
17.98,0.01496415871374247
17.99,0.01522044396994247
18,0.01548031947489079
18.01,0.01574380813213705
18.02,0.01601093202124873
18.03,0.0162817123611609
18.04,0.01655616947316173
18.05,0.01683432274355342
18.06,0.01711619058602397
18.07,0.01740179040377372
18.08,0.01769113855143667
18.09,0.017984250296844
18.1,0.01828113978267639
18.11,0.0185818199880533
18.12,0.01888630269011376
18.13,0.01919459842563886
18.14,0.01950671645277541
18.15,0.01982266471291525
18.16,0.02014244979279281
18.17,0.02046607688686171
18.18,0.02079354976001289
18.19,0.02112487071070266
18.2,0.02146004053455441
18.21,0.02179905848850624
18.22,0.02214192225557148
18.23,0.0224886279102872
18.24,0.02283916988492037
18.25,0.0231935409365086
18.26,0.02355173211480939
18.27,0.02391373273123274
18.28,0.02427953032883679
18.29,0.02464911065345975
18.3,0.02502245762606968
18.31,0.02539955331640564
18.32,0.02578037791799189
18.33,0.02616490972459836
18.34,0.02655312510822748
18.35,0.02694499849870215
18.36,0.02734050236492871
18.37,0.0277396071979121
18.38,0.02814228149559179
18.39,0.02854849174957377
18.4,0.02895820243382314
18.41,0.02937137599538806
18.42,0.02978797284721782
18.43,0.0302079513631357
18.44,0.03063126787502908
18.45,0.03105787667230811
18.46,0.03148773000369019
18.47,0.03192077808135418
18.48,0.0323569690875141
18.49,0.0327962491834485
18.5,0.03323856252102569
18.51,0.03368385125675534
18.52,0.034132055568392
18.53,0.03458311367411661
18.54,0.0350369618543083
18.55,0.03549353447592326
18.56,0.03595276401948178
18.57,0.03641458110866936
18.58,0.03687891454254178
18.59,0.03734569133032719
18.6,0.03781483672880676
18.61,0.03828627428224936
18.62,0.03875992586487539
18.63,0.03923571172580959
18.64,0.03971355053648686
18.65,0.04019335944045891
18.66,0.04067505410555221
18.67,0.04115854877831652
18.68,0.04164375634069679
18.69,0.04213058836886174
18.7,0.04261895519410691
18.71,0.04310876596575518
18.72,0.04359992871596172
18.73,0.04409235042633571
18.74,0.04458593709627547
18.75,0.0450805938129189
18.76,0.04557622482259988
18.77,0.0460727336036976
18.78,0.04657002294076799
18.79,0.0470679949998323
18.8,0.04756655140470652
18.81,0.04806559331424057
18.82,0.04856502150034469
18.83,0.04906473642666775
18.84,0.04956463832779939
18.85,0.05006462728886079
18.86,0.05056460332534747
18.87,0.05106446646309307
18.88,0.05156411681821271
18.89,0.05206345467689571
18.9,0.05256238057490713
18.91,0.05306079537666768
18.92,0.05355860035377709
18.93,0.05405569726284761
18.94,0.05455198842252217
18.95,0.05504737678954457
18.96,0.05554176603376265
18.97,0.05603506061193739
18.98,0.0565271658402452
18.99,0.05701798796535391
19,0.05750743423396601
19.01,0.05799541296072176
19.02,0.05848183359435843
19.03,0.05896660678203374
19.04,0.05944964443171614
19.05,0.05993085977256141
19.06,0.06041016741318862
19.07,0.06088748339778609
19.08,0.06136272525997205
19.09,0.0618358120743507
19.1,0.06230666450570405
19.11,0.06277520485576608
19.12,0.06324135710753793
19.13,0.06370504696709885
19.14,0.06416620190288531
19.15,0.06462475118240542
19.16,0.06508062590637137
19.17,0.06553375904023326
19.18,0.0659840854431028
19.19,0.06643154189406794
19.2,0.06687606711589485
19.21,0.06731760179613079
19.22,0.06775608860561538
19.23,0.06819147221442406
19.24,0.06862369930526219
19.25,0.0690527185843423
19.26,0.06947848078977584
19.27,0.06990093869751576
19.28,0.07032004712489541
19.29,0.07073576293180515
19.3,0.07114804501956123
19.31,0.07155685432751538
19.32,0.07196215382746675
19.33,0.07236390851593108
19.34,0.07276208540433367
19.35,0.07315665350718947
19.36,0.0735475838283367
19.37,0.07393484934529687
19.38,0.07431842499182827
19.39,0.0746982876387506
19.4,0.0750744160731103
19.41,0.07544679097576584
19.42,0.07581539489746789
19.43,0.0761802122335095
19.44,0.07654122919702772
19.45,0.07689843379102947
19.46,0.07725181577922388
19.47,0.07760136665573424
19.48,0.07794707961377051
19.49,0.07828894951333538
19.5,0.07862697284804238
19.51,0.0789611477111197
19.52,0.07929147376067289
19.53,0.07961795218428122
19.54,0.07994058566299635
19.55,0.08025937833481633
19.56,0.08057433575769991
19.57,0.0808854648721916
19.58,0.08119277396371903
19.59,0.08149627262462844
19.6,0.08179597171601884
19.61,0.08209188332943279
19.62,0.08238402074846427
19.63,0.08267239841033509
19.64,0.08295703186749709
19.65,0.08323793774930739
19.66,0.08351513372382866
19.67,0.08378863845979968
19.68,0.08405847158882036
19.69,0.08432465366779544
19.7,0.08458720614167468
19.71,0.08484615130653018
19.72,0.08510151227300404
19.73,0.08535331293016289
19.74,0.08560157790978833
19.75,0.08584633255113473
19.76,0.08608760286618167
19.77,0.08632541550540489
19.78,0.08655979772409213
19.79,0.08679077734922264
19.8,0.08701838274693252
19.81,0.08724264279058172
19.82,0.08746358682944098
19.83,0.08768124465801108
19.84,0.08789564648598867
19.85,0.08810682290888966
19.86,0.08831480487933836
19.87,0.08851962367903304
19.88,0.08872131089139168
19.89,0.08891989837488601
19.9,0.08911541823706519
19.91,0.08930790280927418
19.92,0.08949738462206695
19.93,0.08968389638131471
19.94,0.08986747094501003
19.95,0.090048141300763
19.96,0.09022594054398875
19.97,0.09040090185678096
19.98,0.09057305848746855
19.99,0.09074244373084861
20,0.09090909090909091
20.01,0.09107303335330671
20.02,0.09123430438577398
20.03,0.09139293730281227
20.04,0.09154896535829719
20.05,0.09170242174780698
20.06,0.09185333959339008
20.07,0.09200175192894536
20.08,0.09214769168620292
20.09,0.09229119168129653
20.1,0.09243228460191556
20.11,0.09257100299502513
20.12,0.09270737925514404
20.13,0.09284144561316718
20.14,0.09297323412572225
20.15,0.09310277666504727
20.16,0.09323010490937762
20.17,0.09335525033383055
20.18,0.0934782442017736
20.19,0.09359911755666651
20.2,0.09371790121436251
20.21,0.09383462575585777
20.22,0.09394932152047629
20.23,0.09406201859947812
20.24,0.09417274683007834
20.25,0.09428153578986527
20.26,0.09438841479160567
20.27,0.09449341287842443
20.28,0.09459655881934809
20.29,0.09469788110519942
20.3,0.09479740794483237
20.31,0.09489516726169545
20.32,0.09499118669071283
20.33,0.09508549357547158
20.34,0.09517811496570483
20.35,0.09526907761505983
20.36,0.09535840797914021
20.37,0.09544613221381294
20.38,0.09553227617376896
20.39,0.09561686541132845
20.4,0.09569992517548059
20.41,0.0957814804111484
20.42,0.09586155575866988
20.43,0.09594017555348566
20.44,0.09601736382602516
20.45,0.09609314430178202
20.46,0.09616754040157097
20.47,0.09624057524195752
20.48,0.09631227163585293
20.49,0.09638265209326642
20.5,0.09645173882220724
20.51,0.0965195537297296
20.52,0.09658611842311257
20.53,0.09665145421116911
20.54,0.09671558210567664
20.55,0.09677852282292343
20.56,0.09684029678536372
20.57,0.09690092412337657
20.58,0.09696042467712138
20.59,0.09701881799848527
20.6,0.09707612335311665
20.61,0.09713235972253914
20.62,0.09718754580634162
20.63,0.09724170002443851
20.64,0.0972948405193963
20.65,0.09734698515882112
20.66,0.09739815153780332
20.67,0.09744835698141473
20.68,0.09749761854725404
20.69,0.09754595302803715
20.7,0.09759337695422786
20.71,0.09763990659670588
20.72,0.09768555796946814
20.73,0.09773034683236052
20.74,0.09777428869383636
20.75,0.09781739881373877
20.76,0.09785969220610402
20.77,0.09790118364198269
20.78,0.09794188765227639
20.79,0.09798181853058692
20.8,0.09802099033607586
20.81,0.09805941689633181
20.82,0.09809711181024346
20.83,0.09813408845087582
20.84,0.09817035996834789
20.85,0.09820593929270989
20.86,0.09824083913681773
20.87,0.09827507199920356
20.88,0.0983086501669401
20.89,0.09834158571849769
20.9,0.09837389052659223
20.91,0.09840557626102266
20.92,0.09843665439149661
20.93,0.09846713619044299
20.94,0.09849703273581034
20.95,0.09852635491384963
20.96,0.0985551134218806
20.97,0.09858331877104069
20.98,0.09861098128901545
20.99,0.09863811112274949
21,0.09866471824113751
21.01,0.09869081243769426
21.02,0.09871640333320289
21.03,0.09874150037834097
21.04,0.09876611285628353
21.05,0.09879024988528287
21.06,0.0988139204212239
21.07,0.09883713326015538
21.08,0.09885989704079599
21.09,0.09888222024701514
21.1,0.09890411121028805
21.11,0.09892557811212484
21.12,0.09894662898647312
21.13,0.0989672717220943
21.14,0.09898751406491273
21.15,0.09900736362033817
21.16,0.09902682785556081
21.17,0.09904591410181915
21.18,0.0990646295566403
21.19,0.09908298128605293
21.2,0.09910097622677244
21.21,0.09911862118835869
21.22,0.09913592285534588
21.23,0.09915288778934489
21.24,0.09916952243111805
21.25,0.09918583310262608
21.26,0.09920182600904766
21.27,0.09921750724077151
21.28,0.09923288277536103
21.29,0.09924795847949158
21.3,0.0992627401108607
21.31,0.09927723332007116
21.32,0.09929144365248722
21.33,0.09930537655006397
21.34,0.09931903735315015
21.35,0.09933243130226455
21.36,0.099345563539846
21.37,0.09935843911197759
21.38,0.09937106297008462
21.39,0.09938343997260721
21.4,0.09939557488664735
21.41,0.09940747238959055
21.42,0.09941913707070282
21.43,0.09943057343270247
21.44,0.09944178589330764
21.45,0.0994527787867595
21.46,0.09946355636532114
21.47,0.099474122800753
21.48,0.09948448218576443
21.49,0.09949463853544212
21.5,0.09950459578865535
21.51,0.09951435780943861
21.52,0.09952392838835146
21.53,0.09953331124381637
21.54,0.09954251002343428
21.55,0.09955152830527875
21.56,0.09956036959916827
21.57,0.09956903734791768
21.58,0.09957753492856851
21.59,0.0995858656535986
21.6,0.09959403277211151
21.61,0.0996020394710056
21.62,0.09960988887612338
21.63,0.09961758405338118
21.64,0.09962512800987965
21.65,0.09963252369499496
21.66,0.09963977400145144
21.67,0.09964688176637558
21.68,0.0996538497723318
21.69,0.09966068074834016
21.7,0.09966737737087641
21.71,0.09967394226485453
21.72,0.09968037800459206
21.73,0.09968668711475837
21.74,0.09969287207130639
21.75,0.09969893530238769
21.76,0.09970487918925153
21.77,0.09971070606712776
21.78,0.09971641822609419
21.79,0.09972201791192828
21.8,0.09972750732694383
21.81,0.09973288863081246
21.82,0.0997381639413705
21.83,0.09974333533541119
21.84,0.09974840484946279
21.85,0.09975337448055244
21.86,0.09975824618695628
21.87,0.09976302188893596
21.88,0.09976770346946173
21.89,0.09977229277492239
21.9,0.09977679161582223
21.91,0.0997812017674653
21.92,0.09978552497062708
21.93,0.09978976293221398
21.94,0.09979391732591043
21.95,0.09979798979281446
21.96,0.09980198194206116
21.97,0.09980589535143498
21.98,0.09980973156797047
21.99,0.09981349210854201
22,0.09981717846044263
22.01,0.09982079208195192
22.02,0.09982433440289371
22.03,0.09982780682518294
22.04,0.09983121072336268
22.05,0.09983454744513101
22.06,0.09983781831185802
22.07,0.09984102461909319
22.08,0.09984416763706321
22.09,0.09984724861116054
22.1,0.09985026876242277
22.11,0.09985322928800291
22.12,0.09985613136163095
22.13,0.09985897613406655
22.14,0.0998617647335434
22.15,0.09986449826620511
22.16,0.09986717781653275
22.17,0.09986980444776448
22.18,0.09987237920230714
22.19,0.09987490310214006
22.2,0.09987737714921122
22.21,0.09987980232582588
22.22,0.09988217959502782
22.23,0.09988450990097342
22.24,0.09988679416929842
22.25,0.09988903330747789
22.26,0.09989122820517929
22.27,0.09989337973460871
22.28,0.09989548875085062
22.29,0.09989755609220102
22.3,0.09989958258049435
22.31,0.09990156902142393
22.32,0.09990351620485656
22.33,0.09990542490514087
22.34,0.09990729588140973
22.35,0.09990912987787713
22.36,0.09991092762412906
22.37,0.09991268983540894
22.38,0.09991441721289757
22.39,0.09991611044398764
22.4,0.09991777020255309
22.41,0.09991939714921301
22.42,0.09992099193159082
22.43,0.09992255518456808
22.44,0.09992408753053376
22.45,0.09992558957962841
22.46,0.09992706192998378
22.47,0.09992850516795775
22.48,0.09992991986836471
22.49,0.09993130659470156
22.5,0.09993266589936928
22.51,0.09993399832389012
22.52,0.09993530439912085
22.53,0.09993658464546154
22.54,0.09993783957306056
22.55,0.09993906968201553
22.56,0.09994027546257025
22.57,0.09994145739530796
22.58,0.09994261595134088
22.59,0.09994375159249577
22.6,0.09994486477149638
22.61,0.09994595593214181
22.62,0.09994702550948185
22.63,0.0999480739299886
22.64,0.09994910161172499
22.65,0.09995010896450977
22.66,0.09995109639007956
22.67,0.09995206428224751
22.68,0.09995301302705897
22.69,0.09995394300294418
22.7,0.09995485458086785
22.71,0.09995574812447593
22.72,0.09995662399023948
22.73,0.09995748252759575
22.74,0.09995832407908643
22.75,0.09995914898049334
22.76,0.09995995756097129
22.77,0.09996075014317855
22.78,0.09996152704340462
22.79,0.09996228857169548
22.8,0.09996303503197658
22.81,0.09996376672217318
22.82,0.09996448393432855
22.83,0.09996518695471973
22.84,0.09996587606397105
22.85,0.09996655153716541
22.86,0.0999672136439535
22.87,0.09996786264866069
22.88,0.09996849881039194
22.89,0.09996912238313473
22.9,0.09996973361585973
22.91,0.09997033275261979
22.92,0.09997092003264674
22.93,0.09997149569044646
22.94,0.09997205995589201
22.95,0.09997261305431496
22.96,0.09997315520659486
22.97,0.09997368662924708
22.98,0.09997420753450878
22.99,0.09997471813042336
23,0.09997521862092308
23.01,0.09997570920591015
23.02,0.09997619008133624
23.03,0.0999766614392804
23.04,0.09997712346802543
23.05,0.09997757635213274
23.06,0.09997802027251586
23.07,0.09997845540651236
23.08,0.09997888192795434
23.09,0.09997930000723776
23.1,0.09997970981139009
23.11,0.09998011150413688
23.12,0.09998050524596692
23.13,0.09998089119419615
23.14,0.09998126950303018
23.15,0.09998164032362584
23.16,0.09998200380415127
23.17,0.09998236008984496
23.18,0.09998270932307354
23.19,0.09998305164338861
23.2,0.09998338718758219
23.21,0.09998371608974133
23.22,0.09998403848130138
23.23,0.09998435449109859
23.24,0.09998466424542117
23.25,0.09998496786805987
23.26,0.09998526548035709
23.27,0.09998555720125547
23.28,0.09998584314734506
23.29,0.09998612343291002
23.3,0.09998639816997401
23.31,0.09998666746834489
23.32,0.09998693143565861
23.33,0.09998719017742193
23.34,0.0999874437970547
23.35,0.0999876923959309
23.36,0.09998793607341926
23.37,0.09998817492692275
23.38,0.09998840905191747
23.39,0.09998863854199075
23.4,0.09998886348887849
23.41,0.09998908398250168
23.42,0.09998930011100236
23.43,0.09998951196077877
23.44,0.09998971961651976
23.45,0.09998992316123863
23.46,0.0999901226763063
23.47,0.09999031824148363
23.48,0.09999050993495341
23.49,0.09999069783335149
23.5,0.09999088201179734
23.51,0.09999106254392412
23.52,0.09999123950190793
23.53,0.09999141295649674
23.54,0.09999158297703861
23.55,0.09999174963150931
23.56,0.09999191298653952
23.57,0.09999207310744142
23.58,0.09999223005823468
23.59,0.09999238390167221
23.6,0.09999253469926499
23.61,0.09999268251130679
23.62,0.09999282739689816
23.63,0.09999296941397008
23.64,0.09999310861930709
23.65,0.09999324506856987
23.66,0.09999337881631765
23.67,0.09999350991602979
23.68,0.09999363842012735
23.69,0.09999376437999381
23.7,0.09999388784599579
23.71,0.09999400886750304
23.72,0.09999412749290817
23.73,0.09999424376964609
23.74,0.09999435774421274
23.75,0.09999446946218392
23.76,0.09999457896823333
23.77,0.09999468630615044
23.78,0.09999479151885804
23.79,0.09999489464842931
23.8,0.09999499573610469
23.81,0.09999509482230835
23.82,0.0999951919466643
23.83,0.09999528714801224
23.84,0.09999538046442313
23.85,0.0999954719332143
23.86,0.09999556159096445
23.87,0.09999564947352825
23.88,0.0999957356160506
23.89,0.09999582005298076
23.9,0.09999590281808607
23.91,0.09999598394446546
23.92,0.09999606346456266
23.93,0.09999614141017918
23.94,0.09999621781248701
23.95,0.09999629270204108
23.96,0.09999636610879149
23.97,0.09999643806209547
23.98,0.09999650859072905
23.99,0.09999657772289866
24,0.09999664548625238
24.01,0.09999671190789092
24.02,0.09999677701437852
24.03,0.09999684083175357
24.04,0.09999690338553899
24.05,0.09999696470075242
24.06,0.09999702480191626
24.07,0.09999708371306741
24.08,0.099997141457767
24.09,0.09999719805910964
24.1,0.09999725353973278
24.11,0.09999730792182575
24.12,0.09999736122713851
24.13,0.09999741347699054
24.14,0.09999746469227913
24.15,0.099997514893488
24.16,0.09999756410069525
24.17,0.0999976123335815
24.18,0.09999765961143778
24.19,0.09999770595317316
24.2,0.09999775137732239
24.21,0.09999779590205325
24.22,0.09999783954517384
24.23,0.09999788232413971
24.24,0.09999792425606085
24.25,0.09999796535770843
24.26,0.09999800564552165
24.27,0.09999804513561422
24.28,0.09999808384378084
24.29,0.0999981217855035
24.3,0.09999815897595764
24.31,0.09999819543001831
24.32,0.099998231162266
24.33,0.09999826618699256
24.34,0.09999830051820688
24.35,0.09999833416964049
24.36,0.09999836715475305
24.37,0.09999839948673774
24.38,0.09999843117852654
24.39,0.09999846224279535
24.4,0.09999849269196916
24.41,0.09999852253822693
24.42,0.0999985517935065
24.43,0.09999858046950934
24.44,0.09999860857770521
24.45,0.09999863612933688
24.46,0.0999986631354244
24.47,0.09999868960676972
24.48,0.09999871555396088
24.49,0.09999874098737631
24.5,0.09999876591718893
24.51,0.09999879035337024
24.52,0.09999881430569434
24.53,0.09999883778374177
24.54,0.09999886079690343
24.55,0.09999888335438421
24.56,0.09999890546520683
24.57,0.09999892713821533
24.58,0.09999894838207862
24.59,0.099998969205294
24.6,0.09999898961619048
24.61,0.09999900962293223
24.62,0.09999902923352175
24.63,0.099999048455803
24.64,0.09999906729746477
24.65,0.09999908576604354
24.66,0.09999910386892656
24.67,0.09999912161335482
24.68,0.099999139006426
24.69,0.09999915605509715
24.7,0.09999917276618765
24.71,0.0999991891463818
24.72,0.09999920520223159
24.73,0.09999922094015924
24.74,0.09999923636645987
24.75,0.09999925148730388
24.76,0.09999926630873955
24.77,0.09999928083669542
24.78,0.09999929507698259
24.79,0.09999930903529709
24.8,0.09999932271722224
24.81,0.09999933612823075
24.82,0.099999349273687
24.83,0.09999936215884914
24.84,0.09999937478887116
24.85,0.0999993871688051
24.86,0.09999939930360291
24.87,0.09999941119811849
24.88,0.0999994228571096
24.89,0.09999943428523987
24.9,0.09999944548708055
24.91,0.09999945646711232
24.92,0.09999946722972726
24.93,0.09999947777923039
24.94,0.09999948811984154
24.95,0.09999949825569693
24.96,0.09999950819085093
24.97,0.09999951792927761
24.98,0.09999952747487237
24.99,0.09999953683145345
25,0.09999954600276352
25.01,0.09999955499247112
25.02,0.09999956380417213
25.03,0.09999957244139129
25.04,0.0999995809075835
25.05,0.09999958920613526
25.06,0.09999959734036602
25.07,0.09999960531352953
25.08,0.09999961312881504
25.09,0.09999962078934871
25.1,0.09999962829819478
25.11,0.09999963565835684
25.12,0.09999964287277899
25.13,0.09999964994434701
25.14,0.09999965687588958
25.15,0.09999966367017933
25.16,0.09999967032993404
25.17,0.0999996768578176
25.18,0.09999968325644126
25.19,0.09999968952836448
25.2,0.09999969567609605
25.21,0.09999970170209513
25.22,0.09999970760877212
25.23,0.09999971339848975
25.24,0.09999971907356393
25.25,0.09999972463626475
25.26,0.09999973008881732
25.27,0.09999973543340269
25.28,0.09999974067215872
25.29,0.09999974580718099
25.3,0.09999975084052348
25.31,0.09999975577419963
25.32,0.09999976061018291
25.33,0.09999976535040776
25.34,0.09999976999677031
25.35,0.09999977455112914
25.36,0.09999977901530602
25.37,0.09999978339108666
25.38,0.09999978768022141
25.39,0.09999979188442595
25.4,0.09999979600538203
25.41,0.09999980004473802
25.42,0.09999980400410974
25.43,0.09999980788508092
25.44,0.09999981168920405
25.45,0.09999981541800075
25.46,0.09999981907296261
25.47,0.09999982265555162
25.48,0.09999982616720088
25.49,0.09999982960931507
25.5,0.09999983298327104
25.51,0.09999983629041843
25.52,0.09999983953208014
25.53,0.09999984270955285
25.54,0.09999984582410758
25.55,0.09999984887699019
25.56,0.09999985186942184
25.57,0.09999985480259956
25.58,0.09999985767769662
25.59,0.09999986049586311
25.6,0.09999986325822634
25.61,0.09999986596589124
25.62,0.09999986861994092
25.63,0.09999987122143704
25.64,0.09999987377142021
25.65,0.09999987627091046
25.66,0.09999987872090761
25.67,0.09999988112239171
25.68,0.09999988347632331
25.69,0.09999988578364406
25.7,0.0999998880452769
25.71,0.09999989026212654
25.72,0.09999989243507967
25.73,0.09999989456500556
25.74,0.09999989665275616
25.75,0.09999989869916662
25.76,0.09999990070505554
25.77,0.09999990267122524
25.78,0.09999990459846228
25.79,0.09999990648753752
25.8,0.09999990833920666
25.81,0.09999991015421034
25.82,0.09999991193327461
25.83,0.09999991367711111
25.84,0.09999991538641738
25.85,0.09999991706187718
25.86,0.09999991870416071
25.87,0.09999992031392491
25.88,0.09999992189181367
25.89,0.09999992343845819
25.9,0.09999992495447717
25.91,0.09999992644047699
25.92,0.09999992789705207
25.93,0.0999999293247851
25.94,0.09999993072424715
25.95,0.09999993209599804
25.96,0.09999993344058647
25.97,0.0999999347585503
25.98,0.09999993605041674
25.99,0.09999993731670254
26,0.09999993855791423
26.01,0.0999999397745483
26.02,0.09999994096709144
26.03,0.09999994213602066
26.04,0.09999994328180359
26.05,0.0999999444048985
26.06,0.09999994550575467
26.07,0.09999994658481244
26.08,0.09999994764250346
26.09,0.09999994867925083
26.1,0.09999994969546923
26.11,0.09999995069156518
26.12,0.09999995166793715
26.13,0.09999995262497566
26.14,0.09999995356306356
26.15,0.09999995448257609
26.16,0.09999995538388107
26.17,0.09999995626733904
26.18,0.09999995713330337
26.19,0.09999995798212047
26.2,0.09999995881412989
26.21,0.09999995962966443
26.22,0.09999996042905031
26.23,0.09999996121260731
26.24,0.09999996198064887
26.25,0.09999996273348216
26.26,0.09999996347140838
26.27,0.09999996419472271
26.28,0.09999996490371445
26.29,0.09999996559866724
26.3,0.09999996627985903
26.31,0.09999996694756234
26.32,0.09999996760204424
26.33,0.09999996824356655
26.34,0.09999996887238587
26.35,0.09999996948875373
26.36,0.09999997009291671
26.37,0.09999997068511646
26.38,0.09999997126558988
26.39,0.09999997183456916
26.4,0.09999997239228189
26.41,0.0999999729389512
26.42,0.09999997347479572
26.43,0.09999997400002981
26.44,0.09999997451486359
26.45,0.09999997501950297
26.46,0.09999997551414984
26.47,0.09999997599900205
26.48,0.09999997647425354
26.49,0.09999997694009441
26.5,0.09999997739671104
26.51,0.09999997784428605
26.52,0.09999997828299848
26.53,0.09999997871302384
26.54,0.09999997913453411
26.55,0.09999997954769793
26.56,0.09999997995268058
26.57,0.09999998034964401
26.58,0.09999998073874707
26.59,0.09999998112014535
26.6,0.09999998149399145
26.61,0.09999998186043491
26.62,0.09999998221962229
26.63,0.0999999825716973
26.64,0.09999998291680076
26.65,0.09999998325507072
26.66,0.09999998358664247
26.67,0.09999998391164867
26.68,0.09999998423021932
26.69,0.09999998454248185
26.7,0.09999998484856118
26.71,0.09999998514857972
26.72,0.09999998544265751
26.73,0.09999998573091216
26.74,0.099999986013459
26.75,0.09999998629041101
26.76,0.09999998656187903
26.77,0.09999998682797162
26.78,0.09999998708879522
26.79,0.09999998734445416
26.8,0.09999998759505074
26.81,0.09999998784068517
26.82,0.0999999880814557
26.83,0.09999998831745867
26.84,0.09999998854878844
26.85,0.0999999887755376
26.86,0.09999998899779684
26.87,0.09999998921565502
26.88,0.09999998942919934
26.89,0.0999999896385152
26.9,0.09999998984368633
26.91,0.09999999004479479
26.92,0.09999999024192105
26.93,0.09999999043514393
26.94,0.09999999062454075
26.95,0.09999999081018726
26.96,0.09999999099215774
26.97,0.09999999117052494
26.98,0.09999999134536024
26.99,0.09999999151673358
27,0.09999999168471349
27.01,0.0999999918493672
27.02,0.09999999201076053
27.03,0.09999999216895804
27.04,0.09999999232402307
27.05,0.09999999247601758
27.06,0.09999999262500241
27.07,0.09999999277103712
27.08,0.09999999291418016
27.09,0.0999999930544888
27.1,0.09999999319201912
27.11,0.09999999332682616
27.12,0.09999999345896385
27.13,0.09999999358848503
27.14,0.09999999371544153
27.15,0.09999999383988412
27.16,0.09999999396186257
27.17,0.09999999408142571
27.18,0.09999999419862131
27.19,0.09999999431349631
27.2,0.09999999442609663
27.21,0.0999999945364673
27.22,0.09999999464465248
27.23,0.09999999475069546
27.24,0.09999999485463865
27.25,0.09999999495652363
27.26,0.09999999505639115
27.27,0.09999999515428115
27.28,0.09999999525023281
27.29,0.0999999953442845
27.3,0.09999999543647384
27.31,0.09999999552683771
27.32,0.09999999561541224
27.33,0.09999999570223291
27.34,0.09999999578733439
27.35,0.09999999587075074
27.36,0.09999999595251537
27.37,0.09999999603266094
27.38,0.0999999961112195
27.39,0.09999999618822251
27.4,0.09999999626370076
27.41,0.09999999633768444
27.42,0.09999999641020313
27.43,0.09999999648128588
27.44,0.09999999655096109
27.45,0.09999999661925663
27.46,0.09999999668619984
27.47,0.09999999675181748
27.48,0.09999999681613578
27.49,0.09999999687918053
27.5,0.09999999694097689
27.51,0.0999999970015496
27.52,0.09999999706092288
27.53,0.09999999711912051
27.54,0.09999999717616576
27.55,0.09999999723208142
27.56,0.09999999728688988
27.57,0.09999999734061304
27.58,0.09999999739327245
27.59,0.0999999974448891
27.6,0.09999999749548368
27.61,0.09999999754507644
27.62,0.09999999759368719
27.63,0.09999999764133537
27.64,0.09999999768804005
27.65,0.09999999773381991
27.66,0.0999999977786933
27.67,0.09999999782267811
27.68,0.09999999786579199
27.69,0.09999999790805213
27.7,0.09999999794947548
27.71,0.09999999799007857
27.72,0.09999999802987768
27.73,0.09999999806888871
27.74,0.09999999810712729
27.75,0.09999999814460868
27.76,0.09999999818134789
27.77,0.0999999982173596
27.78,0.09999999825265826
27.79,0.09999999828725793
27.8,0.0999999983211725
27.81,0.0999999983544155
27.82,0.09999999838700027
27.83,0.09999999841893981
27.84,0.09999999845024687
27.85,0.09999999848093405
27.86,0.09999999851101357
27.87,0.09999999854049747
27.88,0.09999999856939758
27.89,0.09999999859772539
27.9,0.09999999862549229
27.91,0.09999999865270937
27.92,0.09999999867938751
27.93,0.09999999870553739
27.94,0.09999999873116946
27.95,0.09999999875629399
27.96,0.09999999878092103
27.97,0.0999999988050604
27.98,0.09999999882872179
27.99,0.09999999885191466
28,0.09999999887464828
28.01,0.09999999889693173
28.02,0.09999999891877394
28.03,0.09999999894018365
28.04,0.09999999896116943
28.05,0.09999999898173964
28.06,0.09999999900190255
28.07,0.0999999990216662
28.08,0.09999999904103851
28.09,0.09999999906002721
28.1,0.09999999907863992
28.11,0.09999999909688408
28.12,0.09999999911476697
28.13,0.09999999913229575
28.14,0.09999999914947745
28.15,0.09999999916631894
28.16,0.09999999918282693
28.17,0.09999999919900802
28.18,0.09999999921486874
28.19,0.09999999923041537
28.2,0.09999999924565417
28.21,0.09999999926059122
28.22,0.09999999927523248
28.23,0.09999999928958385
28.24,0.09999999930365104
28.25,0.09999999931743966
28.26,0.09999999933095527
28.27,0.09999999934420324
28.28,0.09999999935718888
28.29,0.09999999936991741
28.3,0.09999999938239387
28.31,0.0999999993946233
28.32,0.09999999940661056
28.33,0.09999999941836045
28.34,0.0999999994298777
28.35,0.09999999944116686
28.36,0.09999999945223249
28.37,0.09999999946307903
28.38,0.09999999947371077
28.39,0.09999999948413199
28.4,0.09999999949434686
28.41,0.09999999950435948
28.42,0.09999999951417382
28.43,0.09999999952379382
28.44,0.09999999953322332
28.45,0.09999999954246613
28.46,0.09999999955152591
28.47,0.09999999956040628
28.48,0.09999999956911083
28.49,0.09999999957764301
28.5,0.09999999958600624
28.51,0.09999999959420386
28.52,0.09999999960223915
28.53,0.09999999961011534
28.54,0.09999999961783558
28.55,0.09999999962540294
28.56,0.09999999963282047
28.57,0.0999999996400911
28.58,0.09999999964721777
28.59,0.09999999965420334
28.6,0.09999999966105057
28.61,0.09999999966776221
28.62,0.09999999967434096
28.63,0.09999999968078944
28.64,0.09999999968711024
28.65,0.09999999969330586
28.66,0.09999999969937882
28.67,0.09999999970533152
28.68,0.09999999971116635
28.69,0.09999999971688563
28.7,0.09999999972249167
28.71,0.0999999997279867
28.72,0.09999999973337292
28.73,0.09999999973865251
28.74,0.09999999974382753
28.75,0.09999999974890007
28.76,0.09999999975387219
28.77,0.09999999975874585
28.78,0.09999999976352301
28.79,0.09999999976820556
28.8,0.0999999997727954
28.81,0.09999999977729436
28.82,0.09999999978170422
28.83,0.09999999978602676
28.84,0.09999999979026372
28.85,0.09999999979441677
28.86,0.09999999979848759
28.87,0.09999999980247781
28.88,0.099999999806389
28.89,0.09999999981022277
28.9,0.09999999981398061
28.91,0.09999999981766404
28.92,0.09999999982127454
28.93,0.09999999982481354
28.94,0.09999999982828246
28.95,0.09999999983168269
28.96,0.0999999998350156
28.97,0.09999999983828252
28.98,0.09999999984148474
28.99,0.09999999984462354
29,0.09999999984770021
29.01,0.09999999985071595
29.02,0.09999999985367197
29.03,0.09999999985656945
29.04,0.09999999985940956
29.05,0.09999999986219345
29.06,0.0999999998649222
29.07,0.09999999986759692
29.08,0.09999999987021868
29.09,0.09999999987278851
29.1,0.09999999987530747
29.11,0.09999999987777654
29.12,0.09999999988019674
29.13,0.099999999882569
29.14,0.0999999998848943
29.15,0.09999999988717354
29.16,0.09999999988940765
29.17,0.09999999989159752
29.18,0.09999999989374403
29.19,0.09999999989584804
29.2,0.09999999989791039
29.21,0.0999999998999319
29.22,0.09999999990191338
29.23,0.09999999990385562
29.24,0.09999999990575942
29.25,0.09999999990762549
29.26,0.09999999990945463
29.27,0.09999999991124757
29.28,0.09999999991300497
29.29,0.09999999991472759
29.3,0.0999999999164161
29.31,0.09999999991807117
29.32,0.09999999991969347
29.33,0.09999999992128364
29.34,0.09999999992284234
29.35,0.09999999992437016
29.36,0.09999999992586772
29.37,0.09999999992733566
29.38,0.09999999992877451
29.39,0.09999999993018487
29.4,0.09999999993156729
29.41,0.09999999993292236
29.42,0.09999999993425057
29.43,0.09999999993555249
29.44,0.09999999993682865
29.45,0.09999999993807952
29.46,0.09999999993930564
29.47,0.09999999994050747
29.48,0.09999999994168549
29.49,0.0999999999428402
29.5,0.09999999994397203
29.51,0.09999999994508146
29.52,0.09999999994616893
29.53,0.09999999994723485
29.54,0.09999999994827967
29.55,0.09999999994930381
29.56,0.09999999995030766
29.57,0.09999999995129162
29.58,0.09999999995225611
29.59,0.09999999995320151
29.6,0.09999999995412817
29.61,0.0999999999550365
29.62,0.09999999995592684
29.63,0.09999999995679955
29.64,0.09999999995765498
29.65,0.09999999995849347
29.66,0.09999999995931536
29.67,0.09999999996012096
29.68,0.09999999996091061
29.69,0.09999999996168464
29.7,0.09999999996244334
29.71,0.09999999996318701
29.72,0.09999999996391595
29.73,0.09999999996463046
29.74,0.09999999996533082
29.75,0.09999999996601731
29.76,0.09999999996669022
29.77,0.0999999999673498
29.78,0.09999999996799631
29.79,0.09999999996863003
29.8,0.09999999996925121
29.81,0.09999999996986007
29.82,0.09999999997045687
29.83,0.09999999997104186
29.84,0.09999999997161528
29.85,0.09999999997217733
29.86,0.09999999997272827
29.87,0.09999999997326828
29.88,0.0999999999737976
29.89,0.09999999997431644
29.9,0.099999999974825
29.91,0.09999999997532351
29.92,0.09999999997581213
29.93,0.0999999999762911
29.94,0.09999999997676057
29.95,0.09999999997722073
29.96,0.09999999997767178
29.97,0.09999999997811392
29.98,0.09999999997854729
29.99,0.09999999997897209
30,0.09999999997938847
